/root/jfs-fse-2019-artifact/data/benchmarks/3-stratified-random-sampling/benchmarks/QF_FP/20170501-Heizmann-UltimateAutomizer/Newlib-BadKrozingenChallenge-Oversimplified.smt2,/root/jfs-fse-2019-artifact/data/benchmarks/3-stratified-random-sampling/benchmarks/QF_FP/20170501-Heizmann-UltimateAutomizer/Newlib-BadKrozingenChallenge-Oversimplified.smt2,16,0.04199671745300293
/root/jfs-fse-2019-artifact/data/benchmarks/3-stratified-random-sampling/benchmarks/QF_FP/20170501-Heizmann-UltimateAutomizer/water_pid_true-unreach-call.c_14.smt2,/root/jfs-fse-2019-artifact/data/benchmarks/3-stratified-random-sampling/benchmarks/QF_FP/20170501-Heizmann-UltimateAutomizer/water_pid_true-unreach-call.c_14.smt2,13,0.010257482528686523
/root/jfs-fse-2019-artifact/data/benchmarks/3-stratified-random-sampling/benchmarks/QF_FP/griggio/fmcad12/div.c.10.smt2,/root/jfs-fse-2019-artifact/data/benchmarks/3-stratified-random-sampling/benchmarks/QF_FP/griggio/fmcad12/div.c.10.smt2,13,0.020318269729614258
/root/jfs-fse-2019-artifact/data/benchmarks/3-stratified-random-sampling/benchmarks/QF_FP/griggio/fmcad12/div.c.20.smt2,/root/jfs-fse-2019-artifact/data/benchmarks/3-stratified-random-sampling/benchmarks/QF_FP/griggio/fmcad12/div.c.20.smt2,23,0.03847217559814453
/root/jfs-fse-2019-artifact/data/benchmarks/3-stratified-random-sampling/benchmarks/QF_FP/griggio/fmcad12/div.c.3.smt2,/root/jfs-fse-2019-artifact/data/benchmarks/3-stratified-random-sampling/benchmarks/QF_FP/griggio/fmcad12/div.c.3.smt2,6,0.007019519805908203
/root/jfs-fse-2019-artifact/data/benchmarks/3-stratified-random-sampling/benchmarks/QF_FP/griggio/fmcad12/div.c.30.smt2,/root/jfs-fse-2019-artifact/data/benchmarks/3-stratified-random-sampling/benchmarks/QF_FP/griggio/fmcad12/div.c.30.smt2,33,0.055788516998291016
/root/jfs-fse-2019-artifact/data/benchmarks/3-stratified-random-sampling/benchmarks/QF_FP/griggio/fmcad12/div.c.40.smt2,/root/jfs-fse-2019-artifact/data/benchmarks/3-stratified-random-sampling/benchmarks/QF_FP/griggio/fmcad12/div.c.40.smt2,43,0.07359838485717773
/root/jfs-fse-2019-artifact/data/benchmarks/3-stratified-random-sampling/benchmarks/QF_FP/griggio/fmcad12/div.c.50.smt2,/root/jfs-fse-2019-artifact/data/benchmarks/3-stratified-random-sampling/benchmarks/QF_FP/griggio/fmcad12/div.c.50.smt2,53,0.09276747703552246
/root/jfs-fse-2019-artifact/data/benchmarks/3-stratified-random-sampling/benchmarks/QF_FP/griggio/fmcad12/div2.c.10.smt2,/root/jfs-fse-2019-artifact/data/benchmarks/3-stratified-random-sampling/benchmarks/QF_FP/griggio/fmcad12/div2.c.10.smt2,12,0.0425262451171875
/root/jfs-fse-2019-artifact/data/benchmarks/3-stratified-random-sampling/benchmarks/QF_FP/griggio/fmcad12/div2.c.20.smt2,/root/jfs-fse-2019-artifact/data/benchmarks/3-stratified-random-sampling/benchmarks/QF_FP/griggio/fmcad12/div2.c.20.smt2,22,0.12804102897644043
/root/jfs-fse-2019-artifact/data/benchmarks/3-stratified-random-sampling/benchmarks/QF_FP/griggio/fmcad12/div2.c.3.smt2,/root/jfs-fse-2019-artifact/data/benchmarks/3-stratified-random-sampling/benchmarks/QF_FP/griggio/fmcad12/div2.c.3.smt2,5,0.004609346389770508
/root/jfs-fse-2019-artifact/data/benchmarks/3-stratified-random-sampling/benchmarks/QF_FP/griggio/fmcad12/div2.c.30.smt2,/root/jfs-fse-2019-artifact/data/benchmarks/3-stratified-random-sampling/benchmarks/QF_FP/griggio/fmcad12/div2.c.30.smt2,32,0.12031936645507812
/root/jfs-fse-2019-artifact/data/benchmarks/3-stratified-random-sampling/benchmarks/QF_FP/griggio/fmcad12/div2.c.40.smt2,/root/jfs-fse-2019-artifact/data/benchmarks/3-stratified-random-sampling/benchmarks/QF_FP/griggio/fmcad12/div2.c.40.smt2,42,0.19688177108764648
/root/jfs-fse-2019-artifact/data/benchmarks/3-stratified-random-sampling/benchmarks/QF_FP/griggio/fmcad12/div2.c.50.smt2,/root/jfs-fse-2019-artifact/data/benchmarks/3-stratified-random-sampling/benchmarks/QF_FP/griggio/fmcad12/div2.c.50.smt2,52,0.291386127471924
/root/jfs-fse-2019-artifact/data/benchmarks/3-stratified-random-sampling/benchmarks/QF_FP/griggio/fmcad12/div3.c.10.smt2,/root/jfs-fse-2019-artifact/data/benchmarks/3-stratified-random-sampling/benchmarks/QF_FP/griggio/fmcad12/div3.c.10.smt2,13,0.01949930191040039
/root/jfs-fse-2019-artifact/data/benchmarks/3-stratified-random-sampling/benchmarks/QF_FP/griggio/fmcad12/div3.c.20.smt2,/root/jfs-fse-2019-artifact/data/benchmarks/3-stratified-random-sampling/benchmarks/QF_FP/griggio/fmcad12/div3.c.20.smt2,23,0.037476301193237305
/root/jfs-fse-2019-artifact/data/benchmarks/3-stratified-random-sampling/benchmarks/QF_FP/griggio/fmcad12/div3.c.3.smt2,/root/jfs-fse-2019-artifact/data/benchmarks/3-stratified-random-sampling/benchmarks/QF_FP/griggio/fmcad12/div3.c.3.smt2,6,0.0038225650787353516
/root/jfs-fse-2019-artifact/data/benchmarks/3-stratified-random-sampling/benchmarks/QF_FP/griggio/fmcad12/div3.c.30.smt2,/root/jfs-fse-2019-artifact/data/benchmarks/3-stratified-random-sampling/benchmarks/QF_FP/griggio/fmcad12/div3.c.30.smt2,33,0.05515408515930176
/root/jfs-fse-2019-artifact/data/benchmarks/3-stratified-random-sampling/benchmarks/QF_FP/griggio/fmcad12/div3.c.40.smt2,/root/jfs-fse-2019-artifact/data/benchmarks/3-stratified-random-sampling/benchmarks/QF_FP/griggio/fmcad12/div3.c.40.smt2,43,0.07310628890991211
/root/jfs-fse-2019-artifact/data/benchmarks/3-stratified-random-sampling/benchmarks/QF_FP/griggio/fmcad12/div3.c.50.smt2,/root/jfs-fse-2019-artifact/data/benchmarks/3-stratified-random-sampling/benchmarks/QF_FP/griggio/fmcad12/div3.c.50.smt2,53,0.09125590324401855
/root/jfs-fse-2019-artifact/data/benchmarks/3-stratified-random-sampling/benchmarks/QF_FP/griggio/fmcad12/e2.c.smt2,/root/jfs-fse-2019-artifact/data/benchmarks/3-stratified-random-sampling/benchmarks/QF_FP/griggio/fmcad12/e2.c.smt2,13,0.012392997741699219
/root/jfs-fse-2019-artifact/data/benchmarks/3-stratified-random-sampling/benchmarks/QF_FP/griggio/fmcad12/e2_1.c.smt2,/root/jfs-fse-2019-artifact/data/benchmarks/3-stratified-random-sampling/benchmarks/QF_FP/griggio/fmcad12/e2_1.c.smt2,11,0.008246421813964844
/root/jfs-fse-2019-artifact/data/benchmarks/3-stratified-random-sampling/benchmarks/QF_FP/griggio/fmcad12/e2_2.c.smt2,/root/jfs-fse-2019-artifact/data/benchmarks/3-stratified-random-sampling/benchmarks/QF_FP/griggio/fmcad12/e2_2.c.smt2,12,0.007958650588989258
/root/jfs-fse-2019-artifact/data/benchmarks/3-stratified-random-sampling/benchmarks/QF_FP/griggio/fmcad12/e2_3.c.smt2,/root/jfs-fse-2019-artifact/data/benchmarks/3-stratified-random-sampling/benchmarks/QF_FP/griggio/fmcad12/e2_3.c.smt2,11,0.004012107849121094
/root/jfs-fse-2019-artifact/data/benchmarks/3-stratified-random-sampling/benchmarks/QF_FP/griggio/fmcad12/e2a_1.c.smt2,/root/jfs-fse-2019-artifact/data/benchmarks/3-stratified-random-sampling/benchmarks/QF_FP/griggio/fmcad12/e2a_1.c.smt2,8,0.0052165985107421875
/root/jfs-fse-2019-artifact/data/benchmarks/3-stratified-random-sampling/benchmarks/QF_FP/griggio/fmcad12/e2a_2.c.smt2,/root/jfs-fse-2019-artifact/data/benchmarks/3-stratified-random-sampling/benchmarks/QF_FP/griggio/fmcad12/e2a_2.c.smt2,9,0.003347158432006836
/root/jfs-fse-2019-artifact/data/benchmarks/3-stratified-random-sampling/benchmarks/QF_FP/griggio/fmcad12/e2a_3.c.smt2,/root/jfs-fse-2019-artifact/data/benchmarks/3-stratified-random-sampling/benchmarks/QF_FP/griggio/fmcad12/e2a_3.c.smt2,7,0.005273342132568359
/root/jfs-fse-2019-artifact/data/benchmarks/3-stratified-random-sampling/benchmarks/QF_FP/griggio/fmcad12/e3_1.c.smt2,/root/jfs-fse-2019-artifact/data/benchmarks/3-stratified-random-sampling/benchmarks/QF_FP/griggio/fmcad12/e3_1.c.smt2,7,0.00636601448059082
/root/jfs-fse-2019-artifact/data/benchmarks/3-stratified-random-sampling/benchmarks/QF_FP/griggio/fmcad12/e3_2.c.smt2,/root/jfs-fse-2019-artifact/data/benchmarks/3-stratified-random-sampling/benchmarks/QF_FP/griggio/fmcad12/e3_2.c.smt2,7,0.011113643646240234
/root/jfs-fse-2019-artifact/data/benchmarks/3-stratified-random-sampling/benchmarks/QF_FP/griggio/fmcad12/f23.smt2,/root/jfs-fse-2019-artifact/data/benchmarks/3-stratified-random-sampling/benchmarks/QF_FP/griggio/fmcad12/f23.smt2,2,1.203047513961792
/root/jfs-fse-2019-artifact/data/benchmarks/3-stratified-random-sampling/benchmarks/QF_FP/griggio/fmcad12/gaussian.c.125.smt2,/root/jfs-fse-2019-artifact/data/benchmarks/3-stratified-random-sampling/benchmarks/QF_FP/griggio/fmcad12/gaussian.c.125.smt2,379,1.7281630039215088
/root/jfs-fse-2019-artifact/data/benchmarks/3-stratified-random-sampling/benchmarks/QF_FP/griggio/fmcad12/gaussian.c.175.smt2,/root/jfs-fse-2019-artifact/data/benchmarks/3-stratified-random-sampling/benchmarks/QF_FP/griggio/fmcad12/gaussian.c.175.smt2,529,1.07872724533081
/root/jfs-fse-2019-artifact/data/benchmarks/3-stratified-random-sampling/benchmarks/QF_FP/griggio/fmcad12/gaussian.c.25.smt2,/root/jfs-fse-2019-artifact/data/benchmarks/3-stratified-random-sampling/benchmarks/QF_FP/griggio/fmcad12/gaussian.c.25.smt2,79,0.34211111068725586
/root/jfs-fse-2019-artifact/data/benchmarks/3-stratified-random-sampling/benchmarks/QF_FP/griggio/fmcad12/gaussian.c.75.smt2,/root/jfs-fse-2019-artifact/data/benchmarks/3-stratified-random-sampling/benchmarks/QF_FP/griggio/fmcad12/gaussian.c.75.smt2,229,1.0256938934326172
/root/jfs-fse-2019-artifact/data/benchmarks/3-stratified-random-sampling/benchmarks/QF_FP/griggio/fmcad12/mult2.c.10.smt2,/root/jfs-fse-2019-artifact/data/benchmarks/3-stratified-random-sampling/benchmarks/QF_FP/griggio/fmcad12/mult2.c.10.smt2,14,0.019819021224975586
/root/jfs-fse-2019-artifact/data/benchmarks/3-stratified-random-sampling/benchmarks/QF_FP/griggio/fmcad12/mult2.c.20.smt2,/root/jfs-fse-2019-artifact/data/benchmarks/3-stratified-random-sampling/benchmarks/QF_FP/griggio/fmcad12/mult2.c.20.smt2,24,0.018187284469604492
/root/jfs-fse-2019-artifact/data/benchmarks/3-stratified-random-sampling/benchmarks/QF_FP/griggio/fmcad12/mult2.c.3.smt2,/root/jfs-fse-2019-artifact/data/benchmarks/3-stratified-random-sampling/benchmarks/QF_FP/griggio/fmcad12/mult2.c.3.smt2,7,0.00691986083984375
/root/jfs-fse-2019-artifact/data/benchmarks/3-stratified-random-sampling/benchmarks/QF_FP/griggio/fmcad12/mult2.c.30.smt2,/root/jfs-fse-2019-artifact/data/benchmarks/3-stratified-random-sampling/benchmarks/QF_FP/griggio/fmcad12/mult2.c.30.smt2,34,0.0559084415435791
/root/jfs-fse-2019-artifact/data/benchmarks/3-stratified-random-sampling/benchmarks/QF_FP/griggio/fmcad12/mult2.c.40.smt2,/root/jfs-fse-2019-artifact/data/benchmarks/3-stratified-random-sampling/benchmarks/QF_FP/griggio/fmcad12/mult2.c.40.smt2,44,0.07403016090393066
/root/jfs-fse-2019-artifact/data/benchmarks/3-stratified-random-sampling/benchmarks/QF_FP/griggio/fmcad12/mult2.c.50.smt2,/root/jfs-fse-2019-artifact/data/benchmarks/3-stratified-random-sampling/benchmarks/QF_FP/griggio/fmcad12/mult2.c.50.smt2,54,0.0925743579864502
/root/jfs-fse-2019-artifact/data/benchmarks/3-stratified-random-sampling/benchmarks/QF_FP/griggio/fmcad12/test_v3_r3_vr10_c1_s14052.smt2,/root/jfs-fse-2019-artifact/data/benchmarks/3-stratified-random-sampling/benchmarks/QF_FP/griggio/fmcad12/test_v3_r3_vr10_c1_s14052.smt2,3,0.014217376708984375
/root/jfs-fse-2019-artifact/data/benchmarks/3-stratified-random-sampling/benchmarks/QF_FP/griggio/fmcad12/test_v3_r3_vr10_c1_s24300.smt2,/root/jfs-fse-2019-artifact/data/benchmarks/3-stratified-random-sampling/benchmarks/QF_FP/griggio/fmcad12/test_v3_r3_vr10_c1_s24300.smt2,3,0.014044761657714844
/root/jfs-fse-2019-artifact/data/benchmarks/3-stratified-random-sampling/benchmarks/QF_FP/griggio/fmcad12/test_v3_r3_vr10_c1_s29304.smt2,/root/jfs-fse-2019-artifact/data/benchmarks/3-stratified-random-sampling/benchmarks/QF_FP/griggio/fmcad12/test_v3_r3_vr10_c1_s29304.smt2,3,0.01385807991027832
/root/jfs-fse-2019-artifact/data/benchmarks/3-stratified-random-sampling/benchmarks/QF_FP/griggio/fmcad12/test_v3_r3_vr1_c1_s10392.smt2,/root/jfs-fse-2019-artifact/data/benchmarks/3-stratified-random-sampling/benchmarks/QF_FP/griggio/fmcad12/test_v3_r3_vr1_c1_s10392.smt2,3,0.013878583908081055
/root/jfs-fse-2019-artifact/data/benchmarks/3-stratified-random-sampling/benchmarks/QF_FP/griggio/fmcad12/test_v3_r3_vr5_c1_s16641.smt2,/root/jfs-fse-2019-artifact/data/benchmarks/3-stratified-random-sampling/benchmarks/QF_FP/griggio/fmcad12/test_v3_r3_vr5_c1_s16641.smt2,3,0.014089584350585938
/root/jfs-fse-2019-artifact/data/benchmarks/3-stratified-random-sampling/benchmarks/QF_FP/griggio/fmcad12/test_v3_r3_vr5_c1_s16867.smt2,/root/jfs-fse-2019-artifact/data/benchmarks/3-stratified-random-sampling/benchmarks/QF_FP/griggio/fmcad12/test_v3_r3_vr5_c1_s16867.smt2,3,0.01408243179321289
/root/jfs-fse-2019-artifact/data/benchmarks/3-stratified-random-sampling/benchmarks/QF_FP/griggio/fmcad12/test_v3_r3_vr5_c1_s26769.smt2,/root/jfs-fse-2019-artifact/data/benchmarks/3-stratified-random-sampling/benchmarks/QF_FP/griggio/fmcad12/test_v3_r3_vr5_c1_s26769.smt2,3,0.014023303985595703
/root/jfs-fse-2019-artifact/data/benchmarks/3-stratified-random-sampling/benchmarks/QF_FP/griggio/fmcad12/test_v3_r8_vr10_c1_s5590.smt2,/root/jfs-fse-2019-artifact/data/benchmarks/3-stratified-random-sampling/benchmarks/QF_FP/griggio/fmcad12/test_v3_r8_vr10_c1_s5590.smt2,3,0.029435157775878906
/root/jfs-fse-2019-artifact/data/benchmarks/3-stratified-random-sampling/benchmarks/QF_FP/griggio/fmcad12/test_v5_r10_vr1_c1_s13516.smt2,/root/jfs-fse-2019-artifact/data/benchmarks/3-stratified-random-sampling/benchmarks/QF_FP/griggio/fmcad12/test_v5_r10_vr1_c1_s13516.smt2,5,0.05386853218078613
/root/jfs-fse-2019-artifact/data/benchmarks/3-stratified-random-sampling/benchmarks/QF_FP/griggio/fmcad12/test_v5_r10_vr1_c1_s19145.smt2,/root/jfs-fse-2019-artifact/data/benchmarks/3-stratified-random-sampling/benchmarks/QF_FP/griggio/fmcad12/test_v5_r10_vr1_c1_s19145.smt2,5,0.05423092842102051
/root/jfs-fse-2019-artifact/data/benchmarks/3-stratified-random-sampling/benchmarks/QF_FP/griggio/fmcad12/test_v5_r10_vr5_c1_s13195.smt2,/root/jfs-fse-2019-artifact/data/benchmarks/3-stratified-random-sampling/benchmarks/QF_FP/griggio/fmcad12/test_v5_r10_vr5_c1_s13195.smt2,5,0.05347394943237305
/root/jfs-fse-2019-artifact/data/benchmarks/3-stratified-random-sampling/benchmarks/QF_FP/griggio/fmcad12/test_v5_r10_vr5_c1_s13679.smt2,/root/jfs-fse-2019-artifact/data/benchmarks/3-stratified-random-sampling/benchmarks/QF_FP/griggio/fmcad12/test_v5_r10_vr5_c1_s13679.smt2,5,0.05361604690551758
/root/jfs-fse-2019-artifact/data/benchmarks/3-stratified-random-sampling/benchmarks/QF_FP/griggio/fmcad12/test_v5_r5_vr10_c1_s5379.smt2,/root/jfs-fse-2019-artifact/data/benchmarks/3-stratified-random-sampling/benchmarks/QF_FP/griggio/fmcad12/test_v5_r5_vr10_c1_s5379.smt2,5,0.030580759048461914
/root/jfs-fse-2019-artifact/data/benchmarks/3-stratified-random-sampling/benchmarks/QF_FP/griggio/fmcad12/test_v5_r5_vr10_c1_s5996.smt2,/root/jfs-fse-2019-artifact/data/benchmarks/3-stratified-random-sampling/benchmarks/QF_FP/griggio/fmcad12/test_v5_r5_vr10_c1_s5996.smt2,5,0.030437231063842773
/root/jfs-fse-2019-artifact/data/benchmarks/3-stratified-random-sampling/benchmarks/QF_FP/griggio/fmcad12/test_v5_r5_vr10_c1_s7194.smt2,/root/jfs-fse-2019-artifact/data/benchmarks/3-stratified-random-sampling/benchmarks/QF_FP/griggio/fmcad12/test_v5_r5_vr10_c1_s7194.smt2,5,0.030820608139038086
/root/jfs-fse-2019-artifact/data/benchmarks/3-stratified-random-sampling/benchmarks/QF_FP/griggio/fmcad12/test_v5_r5_vr1_c1_s14623.smt2,/root/jfs-fse-2019-artifact/data/benchmarks/3-stratified-random-sampling/benchmarks/QF_FP/griggio/fmcad12/test_v5_r5_vr1_c1_s14623.smt2,5,0.0308072566986084
/root/jfs-fse-2019-artifact/data/benchmarks/3-stratified-random-sampling/benchmarks/QF_FP/griggio/fmcad12/test_v5_r5_vr1_c1_s15604.smt2,/root/jfs-fse-2019-artifact/data/benchmarks/3-stratified-random-sampling/benchmarks/QF_FP/griggio/fmcad12/test_v5_r5_vr1_c1_s15604.smt2,5,0.030516862869262695
/root/jfs-fse-2019-artifact/data/benchmarks/3-stratified-random-sampling/benchmarks/QF_FP/griggio/fmcad12/test_v5_r5_vr1_c1_s16138.smt2,/root/jfs-fse-2019-artifact/data/benchmarks/3-stratified-random-sampling/benchmarks/QF_FP/griggio/fmcad12/test_v5_r5_vr1_c1_s16138.smt2,5,0.030492067337036133
/root/jfs-fse-2019-artifact/data/benchmarks/3-stratified-random-sampling/benchmarks/QF_FP/griggio/fmcad12/test_v5_r5_vr5_c1_s24018.smt2,/root/jfs-fse-2019-artifact/data/benchmarks/3-stratified-random-sampling/benchmarks/QF_FP/griggio/fmcad12/test_v5_r5_vr5_c1_s24018.smt2,5,0.030478239059448242
/root/jfs-fse-2019-artifact/data/benchmarks/3-stratified-random-sampling/benchmarks/QF_FP/griggio/fmcad12/test_v5_r5_vr5_c1_s2800.smt2,/root/jfs-fse-2019-artifact/data/benchmarks/3-stratified-random-sampling/benchmarks/QF_FP/griggio/fmcad12/test_v5_r5_vr5_c1_s2800.smt2,5,0.030584335327148438
/root/jfs-fse-2019-artifact/data/benchmarks/3-stratified-random-sampling/benchmarks/QF_FP/griggio/fmcad12/test_v5_r5_vr5_c1_s9855.smt2,/root/jfs-fse-2019-artifact/data/benchmarks/3-stratified-random-sampling/benchmarks/QF_FP/griggio/fmcad12/test_v5_r5_vr5_c1_s9855.smt2,5,0.030756711959838867
/root/jfs-fse-2019-artifact/data/benchmarks/3-stratified-random-sampling/benchmarks/QF_FP/griggio/fmcad12/test_v7_r12_vr10_c1_s15994.smt2,/root/jfs-fse-2019-artifact/data/benchmarks/3-stratified-random-sampling/benchmarks/QF_FP/griggio/fmcad12/test_v7_r12_vr10_c1_s15994.smt2,7,0.0888206958770752
/root/jfs-fse-2019-artifact/data/benchmarks/3-stratified-random-sampling/benchmarks/QF_FP/griggio/fmcad12/test_v7_r12_vr10_c1_s30410.smt2,/root/jfs-fse-2019-artifact/data/benchmarks/3-stratified-random-sampling/benchmarks/QF_FP/griggio/fmcad12/test_v7_r12_vr10_c1_s30410.smt2,7,0.08572745323181152
/root/jfs-fse-2019-artifact/data/benchmarks/3-stratified-random-sampling/benchmarks/QF_FP/griggio/fmcad12/test_v7_r12_vr5_c1_s14336.smt2,/root/jfs-fse-2019-artifact/data/benchmarks/3-stratified-random-sampling/benchmarks/QF_FP/griggio/fmcad12/test_v7_r12_vr5_c1_s14336.smt2,7,0.08414769172668457
/root/jfs-fse-2019-artifact/data/benchmarks/3-stratified-random-sampling/benchmarks/QF_FP/griggio/fmcad12/test_v7_r12_vr5_c1_s29826.smt2,/root/jfs-fse-2019-artifact/data/benchmarks/3-stratified-random-sampling/benchmarks/QF_FP/griggio/fmcad12/test_v7_r12_vr5_c1_s29826.smt2,7,0.08410501480102539
/root/jfs-fse-2019-artifact/data/benchmarks/3-stratified-random-sampling/benchmarks/QF_FP/griggio/fmcad12/test_v7_r12_vr5_c1_s8938.smt2,/root/jfs-fse-2019-artifact/data/benchmarks/3-stratified-random-sampling/benchmarks/QF_FP/griggio/fmcad12/test_v7_r12_vr5_c1_s8938.smt2,7,0.08402252197265625
/root/jfs-fse-2019-artifact/data/benchmarks/3-stratified-random-sampling/benchmarks/QF_FP/griggio/fmcad12/test_v7_r17_vr10_c1_s18654.smt2,/root/jfs-fse-2019-artifact/data/benchmarks/3-stratified-random-sampling/benchmarks/QF_FP/griggio/fmcad12/test_v7_r17_vr10_c1_s18654.smt2,7,0.11517071723937988
/root/jfs-fse-2019-artifact/data/benchmarks/3-stratified-random-sampling/benchmarks/QF_FP/griggio/fmcad12/test_v7_r17_vr10_c1_s8773.smt2,/root/jfs-fse-2019-artifact/data/benchmarks/3-stratified-random-sampling/benchmarks/QF_FP/griggio/fmcad12/test_v7_r17_vr10_c1_s8773.smt2,7,0.11492562294006348
/root/jfs-fse-2019-artifact/data/benchmarks/3-stratified-random-sampling/benchmarks/QF_FP/griggio/fmcad12/test_v7_r17_vr1_c1_s23882.smt2,/root/jfs-fse-2019-artifact/data/benchmarks/3-stratified-random-sampling/benchmarks/QF_FP/griggio/fmcad12/test_v7_r17_vr1_c1_s23882.smt2,7,0.11629366874694824
/root/jfs-fse-2019-artifact/data/benchmarks/3-stratified-random-sampling/benchmarks/QF_FP/griggio/fmcad12/test_v7_r7_vr10_c1_s10625.smt2,/root/jfs-fse-2019-artifact/data/benchmarks/3-stratified-random-sampling/benchmarks/QF_FP/griggio/fmcad12/test_v7_r7_vr10_c1_s10625.smt2,7,0.05309796333312988
/root/jfs-fse-2019-artifact/data/benchmarks/3-stratified-random-sampling/benchmarks/QF_FP/griggio/fmcad12/test_v7_r7_vr10_c1_s24535.smt2,/root/jfs-fse-2019-artifact/data/benchmarks/3-stratified-random-sampling/benchmarks/QF_FP/griggio/fmcad12/test_v7_r7_vr10_c1_s24535.smt2,7,0.053105831146240234
/root/jfs-fse-2019-artifact/data/benchmarks/3-stratified-random-sampling/benchmarks/QF_FP/griggio/fmcad12/test_v7_r7_vr10_c1_s32506.smt2,/root/jfs-fse-2019-artifact/data/benchmarks/3-stratified-random-sampling/benchmarks/QF_FP/griggio/fmcad12/test_v7_r7_vr10_c1_s32506.smt2,7,0.053048133850097656
/root/jfs-fse-2019-artifact/data/benchmarks/3-stratified-random-sampling/benchmarks/QF_FP/griggio/fmcad12/test_v7_r7_vr1_c1_s22845.smt2,/root/jfs-fse-2019-artifact/data/benchmarks/3-stratified-random-sampling/benchmarks/QF_FP/griggio/fmcad12/test_v7_r7_vr1_c1_s22845.smt2,7,0.0566248893737793
/root/jfs-fse-2019-artifact/data/benchmarks/3-stratified-random-sampling/benchmarks/QF_FP/griggio/fmcad12/test_v7_r7_vr1_c1_s4574.smt2,/root/jfs-fse-2019-artifact/data/benchmarks/3-stratified-random-sampling/benchmarks/QF_FP/griggio/fmcad12/test_v7_r7_vr1_c1_s4574.smt2,7,0.05382251739501953
/root/jfs-fse-2019-artifact/data/benchmarks/3-stratified-random-sampling/benchmarks/QF_FP/griggio/fmcad12/test_v7_r7_vr5_c1_s14675.smt2,/root/jfs-fse-2019-artifact/data/benchmarks/3-stratified-random-sampling/benchmarks/QF_FP/griggio/fmcad12/test_v7_r7_vr5_c1_s14675.smt2,7,0.05321550369262695
/root/jfs-fse-2019-artifact/data/benchmarks/3-stratified-random-sampling/benchmarks/QF_FP/griggio/fmcad12/test_v7_r7_vr5_c1_s19694.smt2,/root/jfs-fse-2019-artifact/data/benchmarks/3-stratified-random-sampling/benchmarks/QF_FP/griggio/fmcad12/test_v7_r7_vr5_c1_s19694.smt2,7,0.053047895431518555
/root/jfs-fse-2019-artifact/data/benchmarks/3-stratified-random-sampling/benchmarks/QF_FP/griggio/fmcad12/test_v7_r7_vr5_c1_s3582.smt2,/root/jfs-fse-2019-artifact/data/benchmarks/3-stratified-random-sampling/benchmarks/QF_FP/griggio/fmcad12/test_v7_r7_vr5_c1_s3582.smt2,7,0.05334186553955078
/root/jfs-fse-2019-artifact/data/benchmarks/3-stratified-random-sampling/benchmarks/QF_FP/20170501-Heizmann-UltimateAutomizer/cos_polynomial_true-unreach-call.c_9.smt2,/root/jfs-fse-2019-artifact/data/benchmarks/3-stratified-random-sampling/benchmarks/QF_FP/20170501-Heizmann-UltimateAutomizer/cos_polynomial_true-unreach-call.c_9.smt2,10,0.005093812942504883
/root/jfs-fse-2019-artifact/data/benchmarks/3-stratified-random-sampling/benchmarks/QF_FP/20170501-Heizmann-UltimateAutomizer/filter2_reinit_true-unreach-call.c_7.smt2,/root/jfs-fse-2019-artifact/data/benchmarks/3-stratified-random-sampling/benchmarks/QF_FP/20170501-Heizmann-UltimateAutomizer/filter2_reinit_true-unreach-call.c_7.smt2,8,0.00354766845703125
/root/jfs-fse-2019-artifact/data/benchmarks/3-stratified-random-sampling/benchmarks/QF_FP/20170501-Heizmann-UltimateAutomizer/image_filter_true-unreach-call.c_2.smt2,/root/jfs-fse-2019-artifact/data/benchmarks/3-stratified-random-sampling/benchmarks/QF_FP/20170501-Heizmann-UltimateAutomizer/image_filter_true-unreach-call.c_2.smt2,11,0.004811763763427734
/root/jfs-fse-2019-artifact/data/benchmarks/3-stratified-random-sampling/benchmarks/QF_FP/20170501-Heizmann-UltimateAutomizer/water_pid_true-unreach-call.c_372.smt2,/root/jfs-fse-2019-artifact/data/benchmarks/3-stratified-random-sampling/benchmarks/QF_FP/20170501-Heizmann-UltimateAutomizer/water_pid_true-unreach-call.c_372.smt2,16,0.007899045944213867
/root/jfs-fse-2019-artifact/data/benchmarks/3-stratified-random-sampling/benchmarks/QF_FP/griggio/fmcad12/e1.c.smt2,/root/jfs-fse-2019-artifact/data/benchmarks/3-stratified-random-sampling/benchmarks/QF_FP/griggio/fmcad12/e1.c.smt2,5,0.003720998764038086
/root/jfs-fse-2019-artifact/data/benchmarks/3-stratified-random-sampling/benchmarks/QF_FP/griggio/fmcad12/e1_1.c.smt2,/root/jfs-fse-2019-artifact/data/benchmarks/3-stratified-random-sampling/benchmarks/QF_FP/griggio/fmcad12/e1_1.c.smt2,4,0.002051115036010742
/root/jfs-fse-2019-artifact/data/benchmarks/3-stratified-random-sampling/benchmarks/QF_FP/griggio/fmcad12/e1_2.c.smt2,/root/jfs-fse-2019-artifact/data/benchmarks/3-stratified-random-sampling/benchmarks/QF_FP/griggio/fmcad12/e1_2.c.smt2,4,0.001972675323486328
/root/jfs-fse-2019-artifact/data/benchmarks/3-stratified-random-sampling/benchmarks/QF_FP/griggio/fmcad12/mult1.c.10.smt2,/root/jfs-fse-2019-artifact/data/benchmarks/3-stratified-random-sampling/benchmarks/QF_FP/griggio/fmcad12/mult1.c.10.smt2,13,0.009613513946533203
/root/jfs-fse-2019-artifact/data/benchmarks/3-stratified-random-sampling/benchmarks/QF_FP/griggio/fmcad12/mult1.c.20.smt2,/root/jfs-fse-2019-artifact/data/benchmarks/3-stratified-random-sampling/benchmarks/QF_FP/griggio/fmcad12/mult1.c.20.smt2,23,0.01878809928894043
/root/jfs-fse-2019-artifact/data/benchmarks/3-stratified-random-sampling/benchmarks/QF_FP/griggio/fmcad12/mult1.c.3.smt2,/root/jfs-fse-2019-artifact/data/benchmarks/3-stratified-random-sampling/benchmarks/QF_FP/griggio/fmcad12/mult1.c.3.smt2,6,0.00393986701965332
/root/jfs-fse-2019-artifact/data/benchmarks/3-stratified-random-sampling/benchmarks/QF_FP/griggio/fmcad12/mult1.c.30.smt2,/root/jfs-fse-2019-artifact/data/benchmarks/3-stratified-random-sampling/benchmarks/QF_FP/griggio/fmcad12/mult1.c.30.smt2,33,0.02774500846862793
/root/jfs-fse-2019-artifact/data/benchmarks/3-stratified-random-sampling/benchmarks/QF_FP/griggio/fmcad12/mult1.c.40.smt2,/root/jfs-fse-2019-artifact/data/benchmarks/3-stratified-random-sampling/benchmarks/QF_FP/griggio/fmcad12/mult1.c.40.smt2,43,0.0366358757019043
/root/jfs-fse-2019-artifact/data/benchmarks/3-stratified-random-sampling/benchmarks/QF_FP/griggio/fmcad12/mult1.c.50.smt2,/root/jfs-fse-2019-artifact/data/benchmarks/3-stratified-random-sampling/benchmarks/QF_FP/griggio/fmcad12/mult1.c.50.smt2,53,0.045413970947265625
/root/jfs-fse-2019-artifact/data/benchmarks/3-stratified-random-sampling/benchmarks/QF_FP/griggio/fmcad12/newton.4.1.i.smt2,/root/jfs-fse-2019-artifact/data/benchmarks/3-stratified-random-sampling/benchmarks/QF_FP/griggio/fmcad12/newton.4.1.i.smt2,1,0.009226322174072266
/root/jfs-fse-2019-artifact/data/benchmarks/3-stratified-random-sampling/benchmarks/QF_FP/griggio/fmcad12/newton.5.1.i.smt2,/root/jfs-fse-2019-artifact/data/benchmarks/3-stratified-random-sampling/benchmarks/QF_FP/griggio/fmcad12/newton.5.1.i.smt2,1,0.008844852447509766
/root/jfs-fse-2019-artifact/data/benchmarks/3-stratified-random-sampling/benchmarks/QF_FP/griggio/fmcad12/newton.6.1.i.smt2,/root/jfs-fse-2019-artifact/data/benchmarks/3-stratified-random-sampling/benchmarks/QF_FP/griggio/fmcad12/newton.6.1.i.smt2,1,0.009736061096191406
/root/jfs-fse-2019-artifact/data/benchmarks/3-stratified-random-sampling/benchmarks/QF_FP/griggio/fmcad12/newton.6.2.i.smt2,/root/jfs-fse-2019-artifact/data/benchmarks/3-stratified-random-sampling/benchmarks/QF_FP/griggio/fmcad12/newton.6.2.i.smt2,1,0.2093031406402588
/root/jfs-fse-2019-artifact/data/benchmarks/3-stratified-random-sampling/benchmarks/QF_FP/griggio/fmcad12/newton.6.3.i.smt2,/root/jfs-fse-2019-artifact/data/benchmarks/3-stratified-random-sampling/benchmarks/QF_FP/griggio/fmcad12/newton.6.3.i.smt2,1,6.25913405418396
/root/jfs-fse-2019-artifact/data/benchmarks/3-stratified-random-sampling/benchmarks/QF_FP/griggio/fmcad12/newton.7.1.i.smt2,/root/jfs-fse-2019-artifact/data/benchmarks/3-stratified-random-sampling/benchmarks/QF_FP/griggio/fmcad12/newton.7.1.i.smt2,1,0.010904550552368164
/root/jfs-fse-2019-artifact/data/benchmarks/3-stratified-random-sampling/benchmarks/QF_FP/griggio/fmcad12/newton.7.2.i.smt2,/root/jfs-fse-2019-artifact/data/benchmarks/3-stratified-random-sampling/benchmarks/QF_FP/griggio/fmcad12/newton.7.2.i.smt2,1,0.2263650894165039
/root/jfs-fse-2019-artifact/data/benchmarks/3-stratified-random-sampling/benchmarks/QF_FP/griggio/fmcad12/newton.7.3.i.smt2,/root/jfs-fse-2019-artifact/data/benchmarks/3-stratified-random-sampling/benchmarks/QF_FP/griggio/fmcad12/newton.7.3.i.smt2,1,6.519175052642822
/root/jfs-fse-2019-artifact/data/benchmarks/3-stratified-random-sampling/benchmarks/QF_FP/griggio/fmcad12/newton.8.1.i.smt2,/root/jfs-fse-2019-artifact/data/benchmarks/3-stratified-random-sampling/benchmarks/QF_FP/griggio/fmcad12/newton.8.1.i.smt2,1,0.012491941452026367
/root/jfs-fse-2019-artifact/data/benchmarks/3-stratified-random-sampling/benchmarks/QF_FP/griggio/fmcad12/newton.8.2.i.smt2,/root/jfs-fse-2019-artifact/data/benchmarks/3-stratified-random-sampling/benchmarks/QF_FP/griggio/fmcad12/newton.8.2.i.smt2,1,0.23807024955749512
/root/jfs-fse-2019-artifact/data/benchmarks/3-stratified-random-sampling/benchmarks/QF_FP/griggio/fmcad12/newton.8.3.i.smt2,/root/jfs-fse-2019-artifact/data/benchmarks/3-stratified-random-sampling/benchmarks/QF_FP/griggio/fmcad12/newton.8.3.i.smt2,1,6.079230785369873
/root/jfs-fse-2019-artifact/data/benchmarks/3-stratified-random-sampling/benchmarks/QF_FP/griggio/fmcad12/sin.c.25.smt2,/root/jfs-fse-2019-artifact/data/benchmarks/3-stratified-random-sampling/benchmarks/QF_FP/griggio/fmcad12/sin.c.25.smt2,81,3.4485695362091064
/root/jfs-fse-2019-artifact/data/benchmarks/3-stratified-random-sampling/benchmarks/QF_FP/griggio/fmcad12/sin2.c.10.smt2,/root/jfs-fse-2019-artifact/data/benchmarks/3-stratified-random-sampling/benchmarks/QF_FP/griggio/fmcad12/sin2.c.10.smt2,37,0.3798506259918213
/root/jfs-fse-2019-artifact/data/benchmarks/3-stratified-random-sampling/benchmarks/QF_FP/griggio/fmcad12/sin2.c.15.smt2,/root/jfs-fse-2019-artifact/data/benchmarks/3-stratified-random-sampling/benchmarks/QF_FP/griggio/fmcad12/sin2.c.15.smt2,52,0.9651966094970703
/root/jfs-fse-2019-artifact/data/benchmarks/3-stratified-random-sampling/benchmarks/QF_FP/griggio/fmcad12/sin2.c.2.smt2,/root/jfs-fse-2019-artifact/data/benchmarks/3-stratified-random-sampling/benchmarks/QF_FP/griggio/fmcad12/sin2.c.2.smt2,13,0.023227930068969727
/root/jfs-fse-2019-artifact/data/benchmarks/3-stratified-random-sampling/benchmarks/QF_FP/griggio/fmcad12/sin2.c.20.smt2,/root/jfs-fse-2019-artifact/data/benchmarks/3-stratified-random-sampling/benchmarks/QF_FP/griggio/fmcad12/sin2.c.20.smt2,67,1.9536662101745605
/root/jfs-fse-2019-artifact/data/benchmarks/3-stratified-random-sampling/benchmarks/QF_FP/griggio/fmcad12/sin2.c.25.smt2,/root/jfs-fse-2019-artifact/data/benchmarks/3-stratified-random-sampling/benchmarks/QF_FP/griggio/fmcad12/sin2.c.25.smt2,82,3.441563844680786
/root/jfs-fse-2019-artifact/data/benchmarks/3-stratified-random-sampling/benchmarks/QF_FP/griggio/fmcad12/sin2.c.5.smt2,/root/jfs-fse-2019-artifact/data/benchmarks/3-stratified-random-sampling/benchmarks/QF_FP/griggio/fmcad12/sin2.c.5.smt2,22,0.0924067497253418
/root/jfs-fse-2019-artifact/data/benchmarks/3-stratified-random-sampling/benchmarks/QF_FP/griggio/fmcad12/sine.1.0.i.smt2,/root/jfs-fse-2019-artifact/data/benchmarks/3-stratified-random-sampling/benchmarks/QF_FP/griggio/fmcad12/sine.1.0.i.smt2,1,0.005875110626220703
/root/jfs-fse-2019-artifact/data/benchmarks/3-stratified-random-sampling/benchmarks/QF_FP/griggio/fmcad12/sqrt.c.2.smt2,/root/jfs-fse-2019-artifact/data/benchmarks/3-stratified-random-sampling/benchmarks/QF_FP/griggio/fmcad12/sqrt.c.2.smt2,10,0.08341598510742188
/root/jfs-fse-2019-artifact/data/benchmarks/3-stratified-random-sampling/benchmarks/QF_FP/griggio/fmcad12/sqrt.c.5.smt2,/root/jfs-fse-2019-artifact/data/benchmarks/3-stratified-random-sampling/benchmarks/QF_FP/griggio/fmcad12/sqrt.c.5.smt2,16,0.1412491798400879
