/root/jfs-fse-2019-artifact/data/benchmarks/3-stratified-random-sampling/benchmarks/QF_FP/20170501-Heizmann-UltimateAutomizer/Newlib-BadKrozingenChallenge-Oversimplified.smt2,/root/jfs-fse-2019-artifact/data/benchmarks/3-stratified-random-sampling/benchmarks/QF_FP/20170501-Heizmann-UltimateAutomizer/Newlib-BadKrozingenChallenge-Oversimplified.smt2,16,sat,2.766,
/root/jfs-fse-2019-artifact/data/benchmarks/3-stratified-random-sampling/benchmarks/QF_FP/20170501-Heizmann-UltimateAutomizer/water_pid_true-unreach-call.c_14.smt2,/root/jfs-fse-2019-artifact/data/benchmarks/3-stratified-random-sampling/benchmarks/QF_FP/20170501-Heizmann-UltimateAutomizer/water_pid_true-unreach-call.c_14.smt2,13,sat,4.015,
/root/jfs-fse-2019-artifact/data/benchmarks/3-stratified-random-sampling/benchmarks/QF_FP/griggio/fmcad12/div.c.10.smt2,/root/jfs-fse-2019-artifact/data/benchmarks/3-stratified-random-sampling/benchmarks/QF_FP/griggio/fmcad12/div.c.10.smt2,13,sat,10.603,
/root/jfs-fse-2019-artifact/data/benchmarks/3-stratified-random-sampling/benchmarks/QF_FP/griggio/fmcad12/div.c.20.smt2,/root/jfs-fse-2019-artifact/data/benchmarks/3-stratified-random-sampling/benchmarks/QF_FP/griggio/fmcad12/div.c.20.smt2,23,sat,19.408,
/root/jfs-fse-2019-artifact/data/benchmarks/3-stratified-random-sampling/benchmarks/QF_FP/griggio/fmcad12/div.c.3.smt2,/root/jfs-fse-2019-artifact/data/benchmarks/3-stratified-random-sampling/benchmarks/QF_FP/griggio/fmcad12/div.c.3.smt2,6,sat,0.879,
/root/jfs-fse-2019-artifact/data/benchmarks/3-stratified-random-sampling/benchmarks/QF_FP/griggio/fmcad12/div.c.30.smt2,/root/jfs-fse-2019-artifact/data/benchmarks/3-stratified-random-sampling/benchmarks/QF_FP/griggio/fmcad12/div.c.30.smt2,33,sat,8.737,
/root/jfs-fse-2019-artifact/data/benchmarks/3-stratified-random-sampling/benchmarks/QF_FP/griggio/fmcad12/div.c.40.smt2,/root/jfs-fse-2019-artifact/data/benchmarks/3-stratified-random-sampling/benchmarks/QF_FP/griggio/fmcad12/div.c.40.smt2,43,sat,112.179,
/root/jfs-fse-2019-artifact/data/benchmarks/3-stratified-random-sampling/benchmarks/QF_FP/griggio/fmcad12/div.c.50.smt2,/root/jfs-fse-2019-artifact/data/benchmarks/3-stratified-random-sampling/benchmarks/QF_FP/griggio/fmcad12/div.c.50.smt2,53,sat,14.346,
/root/jfs-fse-2019-artifact/data/benchmarks/3-stratified-random-sampling/benchmarks/QF_FP/griggio/fmcad12/div2.c.10.smt2,/root/jfs-fse-2019-artifact/data/benchmarks/3-stratified-random-sampling/benchmarks/QF_FP/griggio/fmcad12/div2.c.10.smt2,12,sat,23.137,
/root/jfs-fse-2019-artifact/data/benchmarks/3-stratified-random-sampling/benchmarks/QF_FP/griggio/fmcad12/div2.c.20.smt2,/root/jfs-fse-2019-artifact/data/benchmarks/3-stratified-random-sampling/benchmarks/QF_FP/griggio/fmcad12/div2.c.20.smt2,22,sat,51.052,
/root/jfs-fse-2019-artifact/data/benchmarks/3-stratified-random-sampling/benchmarks/QF_FP/griggio/fmcad12/div2.c.3.smt2,/root/jfs-fse-2019-artifact/data/benchmarks/3-stratified-random-sampling/benchmarks/QF_FP/griggio/fmcad12/div2.c.3.smt2,5,sat,1.049,
/root/jfs-fse-2019-artifact/data/benchmarks/3-stratified-random-sampling/benchmarks/QF_FP/griggio/fmcad12/div2.c.30.smt2,/root/jfs-fse-2019-artifact/data/benchmarks/3-stratified-random-sampling/benchmarks/QF_FP/griggio/fmcad12/div2.c.30.smt2,32,sat,88.386,
/root/jfs-fse-2019-artifact/data/benchmarks/3-stratified-random-sampling/benchmarks/QF_FP/griggio/fmcad12/div2.c.40.smt2,/root/jfs-fse-2019-artifact/data/benchmarks/3-stratified-random-sampling/benchmarks/QF_FP/griggio/fmcad12/div2.c.40.smt2,42,sat,181.390,
/root/jfs-fse-2019-artifact/data/benchmarks/3-stratified-random-sampling/benchmarks/QF_FP/griggio/fmcad12/div2.c.50.smt2,/root/jfs-fse-2019-artifact/data/benchmarks/3-stratified-random-sampling/benchmarks/QF_FP/griggio/fmcad12/div2.c.50.smt2,52,sat,231.507,
/root/jfs-fse-2019-artifact/data/benchmarks/3-stratified-random-sampling/benchmarks/QF_FP/griggio/fmcad12/div3.c.10.smt2,/root/jfs-fse-2019-artifact/data/benchmarks/3-stratified-random-sampling/benchmarks/QF_FP/griggio/fmcad12/div3.c.10.smt2,13,sat,2.603,
/root/jfs-fse-2019-artifact/data/benchmarks/3-stratified-random-sampling/benchmarks/QF_FP/griggio/fmcad12/div3.c.20.smt2,/root/jfs-fse-2019-artifact/data/benchmarks/3-stratified-random-sampling/benchmarks/QF_FP/griggio/fmcad12/div3.c.20.smt2,23,sat,5.320,
/root/jfs-fse-2019-artifact/data/benchmarks/3-stratified-random-sampling/benchmarks/QF_FP/griggio/fmcad12/div3.c.3.smt2,/root/jfs-fse-2019-artifact/data/benchmarks/3-stratified-random-sampling/benchmarks/QF_FP/griggio/fmcad12/div3.c.3.smt2,6,sat,0.758,
/root/jfs-fse-2019-artifact/data/benchmarks/3-stratified-random-sampling/benchmarks/QF_FP/griggio/fmcad12/div3.c.30.smt2,/root/jfs-fse-2019-artifact/data/benchmarks/3-stratified-random-sampling/benchmarks/QF_FP/griggio/fmcad12/div3.c.30.smt2,33,sat,8.429,
/root/jfs-fse-2019-artifact/data/benchmarks/3-stratified-random-sampling/benchmarks/QF_FP/griggio/fmcad12/div3.c.40.smt2,/root/jfs-fse-2019-artifact/data/benchmarks/3-stratified-random-sampling/benchmarks/QF_FP/griggio/fmcad12/div3.c.40.smt2,43,sat,61.895,
/root/jfs-fse-2019-artifact/data/benchmarks/3-stratified-random-sampling/benchmarks/QF_FP/griggio/fmcad12/div3.c.50.smt2,/root/jfs-fse-2019-artifact/data/benchmarks/3-stratified-random-sampling/benchmarks/QF_FP/griggio/fmcad12/div3.c.50.smt2,53,sat,214.341,
/root/jfs-fse-2019-artifact/data/benchmarks/3-stratified-random-sampling/benchmarks/QF_FP/griggio/fmcad12/e2.c.smt2,/root/jfs-fse-2019-artifact/data/benchmarks/3-stratified-random-sampling/benchmarks/QF_FP/griggio/fmcad12/e2.c.smt2,13,sat,0.647,
/root/jfs-fse-2019-artifact/data/benchmarks/3-stratified-random-sampling/benchmarks/QF_FP/griggio/fmcad12/e2_1.c.smt2,/root/jfs-fse-2019-artifact/data/benchmarks/3-stratified-random-sampling/benchmarks/QF_FP/griggio/fmcad12/e2_1.c.smt2,11,sat,0.582,
/root/jfs-fse-2019-artifact/data/benchmarks/3-stratified-random-sampling/benchmarks/QF_FP/griggio/fmcad12/e2_2.c.smt2,/root/jfs-fse-2019-artifact/data/benchmarks/3-stratified-random-sampling/benchmarks/QF_FP/griggio/fmcad12/e2_2.c.smt2,12,sat,0.260,
/root/jfs-fse-2019-artifact/data/benchmarks/3-stratified-random-sampling/benchmarks/QF_FP/griggio/fmcad12/e2_3.c.smt2,/root/jfs-fse-2019-artifact/data/benchmarks/3-stratified-random-sampling/benchmarks/QF_FP/griggio/fmcad12/e2_3.c.smt2,11,sat,0.262,
/root/jfs-fse-2019-artifact/data/benchmarks/3-stratified-random-sampling/benchmarks/QF_FP/griggio/fmcad12/e2a_1.c.smt2,/root/jfs-fse-2019-artifact/data/benchmarks/3-stratified-random-sampling/benchmarks/QF_FP/griggio/fmcad12/e2a_1.c.smt2,8,sat,0.193,
/root/jfs-fse-2019-artifact/data/benchmarks/3-stratified-random-sampling/benchmarks/QF_FP/griggio/fmcad12/e2a_2.c.smt2,/root/jfs-fse-2019-artifact/data/benchmarks/3-stratified-random-sampling/benchmarks/QF_FP/griggio/fmcad12/e2a_2.c.smt2,9,sat,0.198,
/root/jfs-fse-2019-artifact/data/benchmarks/3-stratified-random-sampling/benchmarks/QF_FP/griggio/fmcad12/e2a_3.c.smt2,/root/jfs-fse-2019-artifact/data/benchmarks/3-stratified-random-sampling/benchmarks/QF_FP/griggio/fmcad12/e2a_3.c.smt2,7,sat,0.189,
/root/jfs-fse-2019-artifact/data/benchmarks/3-stratified-random-sampling/benchmarks/QF_FP/griggio/fmcad12/e3_1.c.smt2,/root/jfs-fse-2019-artifact/data/benchmarks/3-stratified-random-sampling/benchmarks/QF_FP/griggio/fmcad12/e3_1.c.smt2,7,sat,0.981,
/root/jfs-fse-2019-artifact/data/benchmarks/3-stratified-random-sampling/benchmarks/QF_FP/griggio/fmcad12/e3_2.c.smt2,/root/jfs-fse-2019-artifact/data/benchmarks/3-stratified-random-sampling/benchmarks/QF_FP/griggio/fmcad12/e3_2.c.smt2,7,sat,0.651,
/root/jfs-fse-2019-artifact/data/benchmarks/3-stratified-random-sampling/benchmarks/QF_FP/griggio/fmcad12/f23.smt2,/root/jfs-fse-2019-artifact/data/benchmarks/3-stratified-random-sampling/benchmarks/QF_FP/griggio/fmcad12/f23.smt2,2,,0.017,(error "Parse Error: /root/jfs-fse-2019-artifact/data/benchmarks/3-stratified-random-sampling/benchmarks/QF_FP/griggio/fmcad12/f23.smt2:9.2: Free sort symbols not allowed in QF_FP")
/root/jfs-fse-2019-artifact/data/benchmarks/3-stratified-random-sampling/benchmarks/QF_FP/griggio/fmcad12/gaussian.c.125.smt2,/root/jfs-fse-2019-artifact/data/benchmarks/3-stratified-random-sampling/benchmarks/QF_FP/griggio/fmcad12/gaussian.c.125.smt2,379,sat,51.093,
/root/jfs-fse-2019-artifact/data/benchmarks/3-stratified-random-sampling/benchmarks/QF_FP/griggio/fmcad12/gaussian.c.175.smt2,/root/jfs-fse-2019-artifact/data/benchmarks/3-stratified-random-sampling/benchmarks/QF_FP/griggio/fmcad12/gaussian.c.175.smt2,529,sat,1421.096,
/root/jfs-fse-2019-artifact/data/benchmarks/3-stratified-random-sampling/benchmarks/QF_FP/griggio/fmcad12/gaussian.c.25.smt2,/root/jfs-fse-2019-artifact/data/benchmarks/3-stratified-random-sampling/benchmarks/QF_FP/griggio/fmcad12/gaussian.c.25.smt2,79,sat,9.699,
/root/jfs-fse-2019-artifact/data/benchmarks/3-stratified-random-sampling/benchmarks/QF_FP/griggio/fmcad12/gaussian.c.75.smt2,/root/jfs-fse-2019-artifact/data/benchmarks/3-stratified-random-sampling/benchmarks/QF_FP/griggio/fmcad12/gaussian.c.75.smt2,229,sat,107.891,
/root/jfs-fse-2019-artifact/data/benchmarks/3-stratified-random-sampling/benchmarks/QF_FP/griggio/fmcad12/mult2.c.10.smt2,/root/jfs-fse-2019-artifact/data/benchmarks/3-stratified-random-sampling/benchmarks/QF_FP/griggio/fmcad12/mult2.c.10.smt2,14,sat,0.778,
/root/jfs-fse-2019-artifact/data/benchmarks/3-stratified-random-sampling/benchmarks/QF_FP/griggio/fmcad12/mult2.c.20.smt2,/root/jfs-fse-2019-artifact/data/benchmarks/3-stratified-random-sampling/benchmarks/QF_FP/griggio/fmcad12/mult2.c.20.smt2,24,sat,1.476,
/root/jfs-fse-2019-artifact/data/benchmarks/3-stratified-random-sampling/benchmarks/QF_FP/griggio/fmcad12/mult2.c.3.smt2,/root/jfs-fse-2019-artifact/data/benchmarks/3-stratified-random-sampling/benchmarks/QF_FP/griggio/fmcad12/mult2.c.3.smt2,7,sat,0.283,
/root/jfs-fse-2019-artifact/data/benchmarks/3-stratified-random-sampling/benchmarks/QF_FP/griggio/fmcad12/mult2.c.30.smt2,/root/jfs-fse-2019-artifact/data/benchmarks/3-stratified-random-sampling/benchmarks/QF_FP/griggio/fmcad12/mult2.c.30.smt2,34,sat,2.279,
/root/jfs-fse-2019-artifact/data/benchmarks/3-stratified-random-sampling/benchmarks/QF_FP/griggio/fmcad12/mult2.c.40.smt2,/root/jfs-fse-2019-artifact/data/benchmarks/3-stratified-random-sampling/benchmarks/QF_FP/griggio/fmcad12/mult2.c.40.smt2,44,sat,2.998,
/root/jfs-fse-2019-artifact/data/benchmarks/3-stratified-random-sampling/benchmarks/QF_FP/griggio/fmcad12/mult2.c.50.smt2,/root/jfs-fse-2019-artifact/data/benchmarks/3-stratified-random-sampling/benchmarks/QF_FP/griggio/fmcad12/mult2.c.50.smt2,54,sat,3.904,
/root/jfs-fse-2019-artifact/data/benchmarks/3-stratified-random-sampling/benchmarks/QF_FP/griggio/fmcad12/test_v3_r3_vr10_c1_s14052.smt2,/root/jfs-fse-2019-artifact/data/benchmarks/3-stratified-random-sampling/benchmarks/QF_FP/griggio/fmcad12/test_v3_r3_vr10_c1_s14052.smt2,3,sat,0.847,
/root/jfs-fse-2019-artifact/data/benchmarks/3-stratified-random-sampling/benchmarks/QF_FP/griggio/fmcad12/test_v3_r3_vr10_c1_s24300.smt2,/root/jfs-fse-2019-artifact/data/benchmarks/3-stratified-random-sampling/benchmarks/QF_FP/griggio/fmcad12/test_v3_r3_vr10_c1_s24300.smt2,3,sat,4.533,
/root/jfs-fse-2019-artifact/data/benchmarks/3-stratified-random-sampling/benchmarks/QF_FP/griggio/fmcad12/test_v3_r3_vr10_c1_s29304.smt2,/root/jfs-fse-2019-artifact/data/benchmarks/3-stratified-random-sampling/benchmarks/QF_FP/griggio/fmcad12/test_v3_r3_vr10_c1_s29304.smt2,3,sat,0.922,
/root/jfs-fse-2019-artifact/data/benchmarks/3-stratified-random-sampling/benchmarks/QF_FP/griggio/fmcad12/test_v3_r3_vr1_c1_s10392.smt2,/root/jfs-fse-2019-artifact/data/benchmarks/3-stratified-random-sampling/benchmarks/QF_FP/griggio/fmcad12/test_v3_r3_vr1_c1_s10392.smt2,3,sat,0.874,
/root/jfs-fse-2019-artifact/data/benchmarks/3-stratified-random-sampling/benchmarks/QF_FP/griggio/fmcad12/test_v3_r3_vr5_c1_s16641.smt2,/root/jfs-fse-2019-artifact/data/benchmarks/3-stratified-random-sampling/benchmarks/QF_FP/griggio/fmcad12/test_v3_r3_vr5_c1_s16641.smt2,3,sat,2.210,
/root/jfs-fse-2019-artifact/data/benchmarks/3-stratified-random-sampling/benchmarks/QF_FP/griggio/fmcad12/test_v3_r3_vr5_c1_s16867.smt2,/root/jfs-fse-2019-artifact/data/benchmarks/3-stratified-random-sampling/benchmarks/QF_FP/griggio/fmcad12/test_v3_r3_vr5_c1_s16867.smt2,3,sat,0.653,
/root/jfs-fse-2019-artifact/data/benchmarks/3-stratified-random-sampling/benchmarks/QF_FP/griggio/fmcad12/test_v3_r3_vr5_c1_s26769.smt2,/root/jfs-fse-2019-artifact/data/benchmarks/3-stratified-random-sampling/benchmarks/QF_FP/griggio/fmcad12/test_v3_r3_vr5_c1_s26769.smt2,3,sat,0.816,
/root/jfs-fse-2019-artifact/data/benchmarks/3-stratified-random-sampling/benchmarks/QF_FP/griggio/fmcad12/test_v3_r8_vr10_c1_s5590.smt2,/root/jfs-fse-2019-artifact/data/benchmarks/3-stratified-random-sampling/benchmarks/QF_FP/griggio/fmcad12/test_v3_r8_vr10_c1_s5590.smt2,3,sat,19.758,
/root/jfs-fse-2019-artifact/data/benchmarks/3-stratified-random-sampling/benchmarks/QF_FP/griggio/fmcad12/test_v5_r10_vr1_c1_s13516.smt2,/root/jfs-fse-2019-artifact/data/benchmarks/3-stratified-random-sampling/benchmarks/QF_FP/griggio/fmcad12/test_v5_r10_vr1_c1_s13516.smt2,5,sat,33.609,
/root/jfs-fse-2019-artifact/data/benchmarks/3-stratified-random-sampling/benchmarks/QF_FP/griggio/fmcad12/test_v5_r10_vr1_c1_s19145.smt2,/root/jfs-fse-2019-artifact/data/benchmarks/3-stratified-random-sampling/benchmarks/QF_FP/griggio/fmcad12/test_v5_r10_vr1_c1_s19145.smt2,5,sat,42.616,
/root/jfs-fse-2019-artifact/data/benchmarks/3-stratified-random-sampling/benchmarks/QF_FP/griggio/fmcad12/test_v5_r10_vr5_c1_s13195.smt2,/root/jfs-fse-2019-artifact/data/benchmarks/3-stratified-random-sampling/benchmarks/QF_FP/griggio/fmcad12/test_v5_r10_vr5_c1_s13195.smt2,5,sat,46.074,
/root/jfs-fse-2019-artifact/data/benchmarks/3-stratified-random-sampling/benchmarks/QF_FP/griggio/fmcad12/test_v5_r10_vr5_c1_s13679.smt2,/root/jfs-fse-2019-artifact/data/benchmarks/3-stratified-random-sampling/benchmarks/QF_FP/griggio/fmcad12/test_v5_r10_vr5_c1_s13679.smt2,5,sat,297.447,
/root/jfs-fse-2019-artifact/data/benchmarks/3-stratified-random-sampling/benchmarks/QF_FP/griggio/fmcad12/test_v5_r5_vr10_c1_s5379.smt2,/root/jfs-fse-2019-artifact/data/benchmarks/3-stratified-random-sampling/benchmarks/QF_FP/griggio/fmcad12/test_v5_r5_vr10_c1_s5379.smt2,5,sat,19.201,
/root/jfs-fse-2019-artifact/data/benchmarks/3-stratified-random-sampling/benchmarks/QF_FP/griggio/fmcad12/test_v5_r5_vr10_c1_s5996.smt2,/root/jfs-fse-2019-artifact/data/benchmarks/3-stratified-random-sampling/benchmarks/QF_FP/griggio/fmcad12/test_v5_r5_vr10_c1_s5996.smt2,5,sat,2.054,
/root/jfs-fse-2019-artifact/data/benchmarks/3-stratified-random-sampling/benchmarks/QF_FP/griggio/fmcad12/test_v5_r5_vr10_c1_s7194.smt2,/root/jfs-fse-2019-artifact/data/benchmarks/3-stratified-random-sampling/benchmarks/QF_FP/griggio/fmcad12/test_v5_r5_vr10_c1_s7194.smt2,5,sat,61.422,
/root/jfs-fse-2019-artifact/data/benchmarks/3-stratified-random-sampling/benchmarks/QF_FP/griggio/fmcad12/test_v5_r5_vr1_c1_s14623.smt2,/root/jfs-fse-2019-artifact/data/benchmarks/3-stratified-random-sampling/benchmarks/QF_FP/griggio/fmcad12/test_v5_r5_vr1_c1_s14623.smt2,5,sat,50.007,
/root/jfs-fse-2019-artifact/data/benchmarks/3-stratified-random-sampling/benchmarks/QF_FP/griggio/fmcad12/test_v5_r5_vr1_c1_s15604.smt2,/root/jfs-fse-2019-artifact/data/benchmarks/3-stratified-random-sampling/benchmarks/QF_FP/griggio/fmcad12/test_v5_r5_vr1_c1_s15604.smt2,5,sat,8.836,
/root/jfs-fse-2019-artifact/data/benchmarks/3-stratified-random-sampling/benchmarks/QF_FP/griggio/fmcad12/test_v5_r5_vr1_c1_s16138.smt2,/root/jfs-fse-2019-artifact/data/benchmarks/3-stratified-random-sampling/benchmarks/QF_FP/griggio/fmcad12/test_v5_r5_vr1_c1_s16138.smt2,5,sat,13.614,
/root/jfs-fse-2019-artifact/data/benchmarks/3-stratified-random-sampling/benchmarks/QF_FP/griggio/fmcad12/test_v5_r5_vr5_c1_s24018.smt2,/root/jfs-fse-2019-artifact/data/benchmarks/3-stratified-random-sampling/benchmarks/QF_FP/griggio/fmcad12/test_v5_r5_vr5_c1_s24018.smt2,5,sat,46.287,
/root/jfs-fse-2019-artifact/data/benchmarks/3-stratified-random-sampling/benchmarks/QF_FP/griggio/fmcad12/test_v5_r5_vr5_c1_s2800.smt2,/root/jfs-fse-2019-artifact/data/benchmarks/3-stratified-random-sampling/benchmarks/QF_FP/griggio/fmcad12/test_v5_r5_vr5_c1_s2800.smt2,5,sat,126.226,
/root/jfs-fse-2019-artifact/data/benchmarks/3-stratified-random-sampling/benchmarks/QF_FP/griggio/fmcad12/test_v5_r5_vr5_c1_s9855.smt2,/root/jfs-fse-2019-artifact/data/benchmarks/3-stratified-random-sampling/benchmarks/QF_FP/griggio/fmcad12/test_v5_r5_vr5_c1_s9855.smt2,5,sat,19.349,
/root/jfs-fse-2019-artifact/data/benchmarks/3-stratified-random-sampling/benchmarks/QF_FP/griggio/fmcad12/test_v7_r12_vr10_c1_s15994.smt2,/root/jfs-fse-2019-artifact/data/benchmarks/3-stratified-random-sampling/benchmarks/QF_FP/griggio/fmcad12/test_v7_r12_vr10_c1_s15994.smt2,7,sat,1478.163,
/root/jfs-fse-2019-artifact/data/benchmarks/3-stratified-random-sampling/benchmarks/QF_FP/griggio/fmcad12/test_v7_r12_vr10_c1_s30410.smt2,/root/jfs-fse-2019-artifact/data/benchmarks/3-stratified-random-sampling/benchmarks/QF_FP/griggio/fmcad12/test_v7_r12_vr10_c1_s30410.smt2,7,sat,2895.859,
/root/jfs-fse-2019-artifact/data/benchmarks/3-stratified-random-sampling/benchmarks/QF_FP/griggio/fmcad12/test_v7_r12_vr5_c1_s14336.smt2,/root/jfs-fse-2019-artifact/data/benchmarks/3-stratified-random-sampling/benchmarks/QF_FP/griggio/fmcad12/test_v7_r12_vr5_c1_s14336.smt2,7,sat,138.113,
/root/jfs-fse-2019-artifact/data/benchmarks/3-stratified-random-sampling/benchmarks/QF_FP/griggio/fmcad12/test_v7_r12_vr5_c1_s29826.smt2,/root/jfs-fse-2019-artifact/data/benchmarks/3-stratified-random-sampling/benchmarks/QF_FP/griggio/fmcad12/test_v7_r12_vr5_c1_s29826.smt2,7,sat,184.347,
/root/jfs-fse-2019-artifact/data/benchmarks/3-stratified-random-sampling/benchmarks/QF_FP/griggio/fmcad12/test_v7_r12_vr5_c1_s8938.smt2,/root/jfs-fse-2019-artifact/data/benchmarks/3-stratified-random-sampling/benchmarks/QF_FP/griggio/fmcad12/test_v7_r12_vr5_c1_s8938.smt2,7,sat,53.263,
/root/jfs-fse-2019-artifact/data/benchmarks/3-stratified-random-sampling/benchmarks/QF_FP/griggio/fmcad12/test_v7_r17_vr10_c1_s18654.smt2,/root/jfs-fse-2019-artifact/data/benchmarks/3-stratified-random-sampling/benchmarks/QF_FP/griggio/fmcad12/test_v7_r17_vr10_c1_s18654.smt2,7,sat,7062.579,
/root/jfs-fse-2019-artifact/data/benchmarks/3-stratified-random-sampling/benchmarks/QF_FP/griggio/fmcad12/test_v7_r17_vr10_c1_s8773.smt2,/root/jfs-fse-2019-artifact/data/benchmarks/3-stratified-random-sampling/benchmarks/QF_FP/griggio/fmcad12/test_v7_r17_vr10_c1_s8773.smt2,7,sat,5168.007,
/root/jfs-fse-2019-artifact/data/benchmarks/3-stratified-random-sampling/benchmarks/QF_FP/griggio/fmcad12/test_v7_r17_vr1_c1_s23882.smt2,/root/jfs-fse-2019-artifact/data/benchmarks/3-stratified-random-sampling/benchmarks/QF_FP/griggio/fmcad12/test_v7_r17_vr1_c1_s23882.smt2,7,sat,671.510,
/root/jfs-fse-2019-artifact/data/benchmarks/3-stratified-random-sampling/benchmarks/QF_FP/griggio/fmcad12/test_v7_r7_vr10_c1_s10625.smt2,/root/jfs-fse-2019-artifact/data/benchmarks/3-stratified-random-sampling/benchmarks/QF_FP/griggio/fmcad12/test_v7_r7_vr10_c1_s10625.smt2,7,sat,99.595,
/root/jfs-fse-2019-artifact/data/benchmarks/3-stratified-random-sampling/benchmarks/QF_FP/griggio/fmcad12/test_v7_r7_vr10_c1_s24535.smt2,/root/jfs-fse-2019-artifact/data/benchmarks/3-stratified-random-sampling/benchmarks/QF_FP/griggio/fmcad12/test_v7_r7_vr10_c1_s24535.smt2,7,sat,71.385,
/root/jfs-fse-2019-artifact/data/benchmarks/3-stratified-random-sampling/benchmarks/QF_FP/griggio/fmcad12/test_v7_r7_vr10_c1_s32506.smt2,/root/jfs-fse-2019-artifact/data/benchmarks/3-stratified-random-sampling/benchmarks/QF_FP/griggio/fmcad12/test_v7_r7_vr10_c1_s32506.smt2,7,sat,292.105,
/root/jfs-fse-2019-artifact/data/benchmarks/3-stratified-random-sampling/benchmarks/QF_FP/griggio/fmcad12/test_v7_r7_vr1_c1_s22845.smt2,/root/jfs-fse-2019-artifact/data/benchmarks/3-stratified-random-sampling/benchmarks/QF_FP/griggio/fmcad12/test_v7_r7_vr1_c1_s22845.smt2,7,sat,78.653,
/root/jfs-fse-2019-artifact/data/benchmarks/3-stratified-random-sampling/benchmarks/QF_FP/griggio/fmcad12/test_v7_r7_vr1_c1_s4574.smt2,/root/jfs-fse-2019-artifact/data/benchmarks/3-stratified-random-sampling/benchmarks/QF_FP/griggio/fmcad12/test_v7_r7_vr1_c1_s4574.smt2,7,sat,264.362,
/root/jfs-fse-2019-artifact/data/benchmarks/3-stratified-random-sampling/benchmarks/QF_FP/griggio/fmcad12/test_v7_r7_vr5_c1_s14675.smt2,/root/jfs-fse-2019-artifact/data/benchmarks/3-stratified-random-sampling/benchmarks/QF_FP/griggio/fmcad12/test_v7_r7_vr5_c1_s14675.smt2,7,sat,67.310,
/root/jfs-fse-2019-artifact/data/benchmarks/3-stratified-random-sampling/benchmarks/QF_FP/griggio/fmcad12/test_v7_r7_vr5_c1_s19694.smt2,/root/jfs-fse-2019-artifact/data/benchmarks/3-stratified-random-sampling/benchmarks/QF_FP/griggio/fmcad12/test_v7_r7_vr5_c1_s19694.smt2,7,sat,290.951,
/root/jfs-fse-2019-artifact/data/benchmarks/3-stratified-random-sampling/benchmarks/QF_FP/griggio/fmcad12/test_v7_r7_vr5_c1_s3582.smt2,/root/jfs-fse-2019-artifact/data/benchmarks/3-stratified-random-sampling/benchmarks/QF_FP/griggio/fmcad12/test_v7_r7_vr5_c1_s3582.smt2,7,sat,68.818,
/root/jfs-fse-2019-artifact/data/benchmarks/3-stratified-random-sampling/benchmarks/QF_FP/20170501-Heizmann-UltimateAutomizer/cos_polynomial_true-unreach-call.c_9.smt2,/root/jfs-fse-2019-artifact/data/benchmarks/3-stratified-random-sampling/benchmarks/QF_FP/20170501-Heizmann-UltimateAutomizer/cos_polynomial_true-unreach-call.c_9.smt2,10,sat,0.021,
/root/jfs-fse-2019-artifact/data/benchmarks/3-stratified-random-sampling/benchmarks/QF_FP/20170501-Heizmann-UltimateAutomizer/filter2_reinit_true-unreach-call.c_7.smt2,/root/jfs-fse-2019-artifact/data/benchmarks/3-stratified-random-sampling/benchmarks/QF_FP/20170501-Heizmann-UltimateAutomizer/filter2_reinit_true-unreach-call.c_7.smt2,8,sat,0.023,
/root/jfs-fse-2019-artifact/data/benchmarks/3-stratified-random-sampling/benchmarks/QF_FP/20170501-Heizmann-UltimateAutomizer/image_filter_true-unreach-call.c_2.smt2,/root/jfs-fse-2019-artifact/data/benchmarks/3-stratified-random-sampling/benchmarks/QF_FP/20170501-Heizmann-UltimateAutomizer/image_filter_true-unreach-call.c_2.smt2,11,sat,0.022,
/root/jfs-fse-2019-artifact/data/benchmarks/3-stratified-random-sampling/benchmarks/QF_FP/20170501-Heizmann-UltimateAutomizer/water_pid_true-unreach-call.c_372.smt2,/root/jfs-fse-2019-artifact/data/benchmarks/3-stratified-random-sampling/benchmarks/QF_FP/20170501-Heizmann-UltimateAutomizer/water_pid_true-unreach-call.c_372.smt2,16,sat,3.909,
/root/jfs-fse-2019-artifact/data/benchmarks/3-stratified-random-sampling/benchmarks/QF_FP/griggio/fmcad12/e1.c.smt2,/root/jfs-fse-2019-artifact/data/benchmarks/3-stratified-random-sampling/benchmarks/QF_FP/griggio/fmcad12/e1.c.smt2,5,sat,0.130,
/root/jfs-fse-2019-artifact/data/benchmarks/3-stratified-random-sampling/benchmarks/QF_FP/griggio/fmcad12/e1_1.c.smt2,/root/jfs-fse-2019-artifact/data/benchmarks/3-stratified-random-sampling/benchmarks/QF_FP/griggio/fmcad12/e1_1.c.smt2,4,sat,0.122,
/root/jfs-fse-2019-artifact/data/benchmarks/3-stratified-random-sampling/benchmarks/QF_FP/griggio/fmcad12/e1_2.c.smt2,/root/jfs-fse-2019-artifact/data/benchmarks/3-stratified-random-sampling/benchmarks/QF_FP/griggio/fmcad12/e1_2.c.smt2,4,sat,0.114,
/root/jfs-fse-2019-artifact/data/benchmarks/3-stratified-random-sampling/benchmarks/QF_FP/griggio/fmcad12/mult1.c.10.smt2,/root/jfs-fse-2019-artifact/data/benchmarks/3-stratified-random-sampling/benchmarks/QF_FP/griggio/fmcad12/mult1.c.10.smt2,13,sat,1.311,
/root/jfs-fse-2019-artifact/data/benchmarks/3-stratified-random-sampling/benchmarks/QF_FP/griggio/fmcad12/mult1.c.20.smt2,/root/jfs-fse-2019-artifact/data/benchmarks/3-stratified-random-sampling/benchmarks/QF_FP/griggio/fmcad12/mult1.c.20.smt2,23,sat,1.612,
/root/jfs-fse-2019-artifact/data/benchmarks/3-stratified-random-sampling/benchmarks/QF_FP/griggio/fmcad12/mult1.c.3.smt2,/root/jfs-fse-2019-artifact/data/benchmarks/3-stratified-random-sampling/benchmarks/QF_FP/griggio/fmcad12/mult1.c.3.smt2,6,sat,0.211,
/root/jfs-fse-2019-artifact/data/benchmarks/3-stratified-random-sampling/benchmarks/QF_FP/griggio/fmcad12/mult1.c.30.smt2,/root/jfs-fse-2019-artifact/data/benchmarks/3-stratified-random-sampling/benchmarks/QF_FP/griggio/fmcad12/mult1.c.30.smt2,33,sat,2.263,
/root/jfs-fse-2019-artifact/data/benchmarks/3-stratified-random-sampling/benchmarks/QF_FP/griggio/fmcad12/mult1.c.40.smt2,/root/jfs-fse-2019-artifact/data/benchmarks/3-stratified-random-sampling/benchmarks/QF_FP/griggio/fmcad12/mult1.c.40.smt2,43,sat,11.934,
/root/jfs-fse-2019-artifact/data/benchmarks/3-stratified-random-sampling/benchmarks/QF_FP/griggio/fmcad12/mult1.c.50.smt2,/root/jfs-fse-2019-artifact/data/benchmarks/3-stratified-random-sampling/benchmarks/QF_FP/griggio/fmcad12/mult1.c.50.smt2,53,sat,4.333,
/root/jfs-fse-2019-artifact/data/benchmarks/3-stratified-random-sampling/benchmarks/QF_FP/griggio/fmcad12/newton.4.1.i.smt2,/root/jfs-fse-2019-artifact/data/benchmarks/3-stratified-random-sampling/benchmarks/QF_FP/griggio/fmcad12/newton.4.1.i.smt2,1,sat,2.052,
/root/jfs-fse-2019-artifact/data/benchmarks/3-stratified-random-sampling/benchmarks/QF_FP/griggio/fmcad12/newton.5.1.i.smt2,/root/jfs-fse-2019-artifact/data/benchmarks/3-stratified-random-sampling/benchmarks/QF_FP/griggio/fmcad12/newton.5.1.i.smt2,1,sat,2.010,
/root/jfs-fse-2019-artifact/data/benchmarks/3-stratified-random-sampling/benchmarks/QF_FP/griggio/fmcad12/newton.6.1.i.smt2,/root/jfs-fse-2019-artifact/data/benchmarks/3-stratified-random-sampling/benchmarks/QF_FP/griggio/fmcad12/newton.6.1.i.smt2,1,sat,7.252,
/root/jfs-fse-2019-artifact/data/benchmarks/3-stratified-random-sampling/benchmarks/QF_FP/griggio/fmcad12/newton.6.2.i.smt2,/root/jfs-fse-2019-artifact/data/benchmarks/3-stratified-random-sampling/benchmarks/QF_FP/griggio/fmcad12/newton.6.2.i.smt2,1,sat,24.292,
/root/jfs-fse-2019-artifact/data/benchmarks/3-stratified-random-sampling/benchmarks/QF_FP/griggio/fmcad12/newton.7.1.i.smt2,/root/jfs-fse-2019-artifact/data/benchmarks/3-stratified-random-sampling/benchmarks/QF_FP/griggio/fmcad12/newton.7.1.i.smt2,1,sat,13.489,
/root/jfs-fse-2019-artifact/data/benchmarks/3-stratified-random-sampling/benchmarks/QF_FP/griggio/fmcad12/newton.8.1.i.smt2,/root/jfs-fse-2019-artifact/data/benchmarks/3-stratified-random-sampling/benchmarks/QF_FP/griggio/fmcad12/newton.8.1.i.smt2,1,sat,1.847,
/root/jfs-fse-2019-artifact/data/benchmarks/3-stratified-random-sampling/benchmarks/QF_FP/griggio/fmcad12/newton.8.2.i.smt2,/root/jfs-fse-2019-artifact/data/benchmarks/3-stratified-random-sampling/benchmarks/QF_FP/griggio/fmcad12/newton.8.2.i.smt2,1,sat,54.137,
/root/jfs-fse-2019-artifact/data/benchmarks/3-stratified-random-sampling/benchmarks/QF_FP/griggio/fmcad12/sin2.c.2.smt2,/root/jfs-fse-2019-artifact/data/benchmarks/3-stratified-random-sampling/benchmarks/QF_FP/griggio/fmcad12/sin2.c.2.smt2,13,sat,2.966,
/root/jfs-fse-2019-artifact/data/benchmarks/3-stratified-random-sampling/benchmarks/QF_FP/griggio/fmcad12/sin2.c.5.smt2,/root/jfs-fse-2019-artifact/data/benchmarks/3-stratified-random-sampling/benchmarks/QF_FP/griggio/fmcad12/sin2.c.5.smt2,22,sat,51.040,
/root/jfs-fse-2019-artifact/data/benchmarks/3-stratified-random-sampling/benchmarks/QF_FP/griggio/fmcad12/sine.1.0.i.smt2,/root/jfs-fse-2019-artifact/data/benchmarks/3-stratified-random-sampling/benchmarks/QF_FP/griggio/fmcad12/sine.1.0.i.smt2,1,sat,9.737,
/root/jfs-fse-2019-artifact/data/benchmarks/3-stratified-random-sampling/benchmarks/QF_FP/griggio/fmcad12/sqrt.c.2.smt2,/root/jfs-fse-2019-artifact/data/benchmarks/3-stratified-random-sampling/benchmarks/QF_FP/griggio/fmcad12/sqrt.c.2.smt2,10,sat,3.001,
/root/jfs-fse-2019-artifact/data/benchmarks/3-stratified-random-sampling/benchmarks/QF_FP/griggio/fmcad12/newton.6.3.i.smt2,/root/jfs-fse-2019-artifact/data/benchmarks/3-stratified-random-sampling/benchmarks/QF_FP/griggio/fmcad12/newton.6.3.i.smt2,1,sat,886.616,
/root/jfs-fse-2019-artifact/data/benchmarks/3-stratified-random-sampling/benchmarks/QF_FP/griggio/fmcad12/newton.7.2.i.smt2,/root/jfs-fse-2019-artifact/data/benchmarks/3-stratified-random-sampling/benchmarks/QF_FP/griggio/fmcad12/newton.7.2.i.smt2,1,sat,112.694,
/root/jfs-fse-2019-artifact/data/benchmarks/3-stratified-random-sampling/benchmarks/QF_FP/griggio/fmcad12/newton.7.3.i.smt2,/root/jfs-fse-2019-artifact/data/benchmarks/3-stratified-random-sampling/benchmarks/QF_FP/griggio/fmcad12/newton.7.3.i.smt2,1,sat,149.164,
/root/jfs-fse-2019-artifact/data/benchmarks/3-stratified-random-sampling/benchmarks/QF_FP/griggio/fmcad12/newton.8.3.i.smt2,/root/jfs-fse-2019-artifact/data/benchmarks/3-stratified-random-sampling/benchmarks/QF_FP/griggio/fmcad12/newton.8.3.i.smt2,1,sat,132.792,
/root/jfs-fse-2019-artifact/data/benchmarks/3-stratified-random-sampling/benchmarks/QF_FP/griggio/fmcad12/sin.c.25.smt2,/root/jfs-fse-2019-artifact/data/benchmarks/3-stratified-random-sampling/benchmarks/QF_FP/griggio/fmcad12/sin.c.25.smt2,81,sat,40.027,
/root/jfs-fse-2019-artifact/data/benchmarks/3-stratified-random-sampling/benchmarks/QF_FP/griggio/fmcad12/sin2.c.10.smt2,/root/jfs-fse-2019-artifact/data/benchmarks/3-stratified-random-sampling/benchmarks/QF_FP/griggio/fmcad12/sin2.c.10.smt2,37,sat,15.279,
/root/jfs-fse-2019-artifact/data/benchmarks/3-stratified-random-sampling/benchmarks/QF_FP/griggio/fmcad12/sin2.c.15.smt2,/root/jfs-fse-2019-artifact/data/benchmarks/3-stratified-random-sampling/benchmarks/QF_FP/griggio/fmcad12/sin2.c.15.smt2,52,sat,23.418,
/root/jfs-fse-2019-artifact/data/benchmarks/3-stratified-random-sampling/benchmarks/QF_FP/griggio/fmcad12/sin2.c.20.smt2,/root/jfs-fse-2019-artifact/data/benchmarks/3-stratified-random-sampling/benchmarks/QF_FP/griggio/fmcad12/sin2.c.20.smt2,67,sat,31.508,
/root/jfs-fse-2019-artifact/data/benchmarks/3-stratified-random-sampling/benchmarks/QF_FP/griggio/fmcad12/sin2.c.25.smt2,/root/jfs-fse-2019-artifact/data/benchmarks/3-stratified-random-sampling/benchmarks/QF_FP/griggio/fmcad12/sin2.c.25.smt2,82,sat,43.832,
/root/jfs-fse-2019-artifact/data/benchmarks/3-stratified-random-sampling/benchmarks/QF_FP/griggio/fmcad12/sqrt.c.5.smt2,/root/jfs-fse-2019-artifact/data/benchmarks/3-stratified-random-sampling/benchmarks/QF_FP/griggio/fmcad12/sqrt.c.5.smt2,16,sat,11.493,
