/root/jfs-fse-2019-artifact/data/benchmarks/3-stratified-random-sampling/benchmarks/QF_FP/20170501-Heizmann-UltimateAutomizer/Newlib-BadKrozingenChallenge-Oversimplified.smt2,/root/jfs-fse-2019-artifact/data/benchmarks/3-stratified-random-sampling/benchmarks/QF_FP/20170501-Heizmann-UltimateAutomizer/Newlib-BadKrozingenChallenge-Oversimplified.smt2,16,0.04199671745300293,5.666017055511475,5.7080137729644775,sat,
/root/jfs-fse-2019-artifact/data/benchmarks/3-stratified-random-sampling/benchmarks/QF_FP/20170501-Heizmann-UltimateAutomizer/water_pid_true-unreach-call.c_14.smt2,/root/jfs-fse-2019-artifact/data/benchmarks/3-stratified-random-sampling/benchmarks/QF_FP/20170501-Heizmann-UltimateAutomizer/water_pid_true-unreach-call.c_14.smt2,13,0.010257482528686523,0.16901946067810059,0.1792769432067871,sat,
/root/jfs-fse-2019-artifact/data/benchmarks/3-stratified-random-sampling/benchmarks/QF_FP/griggio/fmcad12/div.c.10.smt2,/root/jfs-fse-2019-artifact/data/benchmarks/3-stratified-random-sampling/benchmarks/QF_FP/griggio/fmcad12/div.c.10.smt2,13,0.020318269729614258,0.3527865409851074,0.3731048107147217,sat,
/root/jfs-fse-2019-artifact/data/benchmarks/3-stratified-random-sampling/benchmarks/QF_FP/griggio/fmcad12/div.c.20.smt2,/root/jfs-fse-2019-artifact/data/benchmarks/3-stratified-random-sampling/benchmarks/QF_FP/griggio/fmcad12/div.c.20.smt2,23,0.03847217559814453,0.26201701164245605,0.3004891872406006,sat,
/root/jfs-fse-2019-artifact/data/benchmarks/3-stratified-random-sampling/benchmarks/QF_FP/griggio/fmcad12/div.c.3.smt2,/root/jfs-fse-2019-artifact/data/benchmarks/3-stratified-random-sampling/benchmarks/QF_FP/griggio/fmcad12/div.c.3.smt2,6,0.007019519805908203,0.014966964721679688,0.02198648452758789,sat,
/root/jfs-fse-2019-artifact/data/benchmarks/3-stratified-random-sampling/benchmarks/QF_FP/griggio/fmcad12/div.c.30.smt2,/root/jfs-fse-2019-artifact/data/benchmarks/3-stratified-random-sampling/benchmarks/QF_FP/griggio/fmcad12/div.c.30.smt2,33,0.055788516998291016,1.386396884918213,1.442185401916504,sat,
/root/jfs-fse-2019-artifact/data/benchmarks/3-stratified-random-sampling/benchmarks/QF_FP/griggio/fmcad12/div.c.40.smt2,/root/jfs-fse-2019-artifact/data/benchmarks/3-stratified-random-sampling/benchmarks/QF_FP/griggio/fmcad12/div.c.40.smt2,43,0.07359838485717773,1.3850760459899902,1.458674430847168,sat,
/root/jfs-fse-2019-artifact/data/benchmarks/3-stratified-random-sampling/benchmarks/QF_FP/griggio/fmcad12/div.c.50.smt2,/root/jfs-fse-2019-artifact/data/benchmarks/3-stratified-random-sampling/benchmarks/QF_FP/griggio/fmcad12/div.c.50.smt2,53,0.09276747703552246,3.242490291595459,3.3352577686309814,sat,
/root/jfs-fse-2019-artifact/data/benchmarks/3-stratified-random-sampling/benchmarks/QF_FP/griggio/fmcad12/div2.c.10.smt2,/root/jfs-fse-2019-artifact/data/benchmarks/3-stratified-random-sampling/benchmarks/QF_FP/griggio/fmcad12/div2.c.10.smt2,12,0.0425262451171875,68.72509765625,68.76762390136719,sat,
/root/jfs-fse-2019-artifact/data/benchmarks/3-stratified-random-sampling/benchmarks/QF_FP/griggio/fmcad12/div2.c.20.smt2,/root/jfs-fse-2019-artifact/data/benchmarks/3-stratified-random-sampling/benchmarks/QF_FP/griggio/fmcad12/div2.c.20.smt2,22,0.12804102897644043,49.61814832687378,49.74618935585022,sat,
/root/jfs-fse-2019-artifact/data/benchmarks/3-stratified-random-sampling/benchmarks/QF_FP/griggio/fmcad12/div2.c.3.smt2,/root/jfs-fse-2019-artifact/data/benchmarks/3-stratified-random-sampling/benchmarks/QF_FP/griggio/fmcad12/div2.c.3.smt2,5,0.004609346389770508,0.12322092056274414,0.12783026695251465,sat,
/root/jfs-fse-2019-artifact/data/benchmarks/3-stratified-random-sampling/benchmarks/QF_FP/griggio/fmcad12/div2.c.30.smt2,/root/jfs-fse-2019-artifact/data/benchmarks/3-stratified-random-sampling/benchmarks/QF_FP/griggio/fmcad12/div2.c.30.smt2,32,0.12031936645507812,533.0505038566589,533.170823223114,sat,
/root/jfs-fse-2019-artifact/data/benchmarks/3-stratified-random-sampling/benchmarks/QF_FP/griggio/fmcad12/div2.c.40.smt2,/root/jfs-fse-2019-artifact/data/benchmarks/3-stratified-random-sampling/benchmarks/QF_FP/griggio/fmcad12/div2.c.40.smt2,42,0.19688177108764648,333.45958375931235,333.6564655304,sat,
/root/jfs-fse-2019-artifact/data/benchmarks/3-stratified-random-sampling/benchmarks/QF_FP/griggio/fmcad12/div2.c.50.smt2,/root/jfs-fse-2019-artifact/data/benchmarks/3-stratified-random-sampling/benchmarks/QF_FP/griggio/fmcad12/div2.c.50.smt2,52,0.291386127471924,1405.9519147872882,1406.24330091476,sat,
/root/jfs-fse-2019-artifact/data/benchmarks/3-stratified-random-sampling/benchmarks/QF_FP/griggio/fmcad12/div3.c.10.smt2,/root/jfs-fse-2019-artifact/data/benchmarks/3-stratified-random-sampling/benchmarks/QF_FP/griggio/fmcad12/div3.c.10.smt2,13,0.01949930191040039,0.024698257446289062,0.04419755935668945,sat,
/root/jfs-fse-2019-artifact/data/benchmarks/3-stratified-random-sampling/benchmarks/QF_FP/griggio/fmcad12/div3.c.20.smt2,/root/jfs-fse-2019-artifact/data/benchmarks/3-stratified-random-sampling/benchmarks/QF_FP/griggio/fmcad12/div3.c.20.smt2,23,0.037476301193237305,0.04708552360534668,0.08456182479858398,sat,
/root/jfs-fse-2019-artifact/data/benchmarks/3-stratified-random-sampling/benchmarks/QF_FP/griggio/fmcad12/div3.c.3.smt2,/root/jfs-fse-2019-artifact/data/benchmarks/3-stratified-random-sampling/benchmarks/QF_FP/griggio/fmcad12/div3.c.3.smt2,6,0.0038225650787353516,0.013872385025024414,0.017694950103759766,sat,
/root/jfs-fse-2019-artifact/data/benchmarks/3-stratified-random-sampling/benchmarks/QF_FP/griggio/fmcad12/div3.c.30.smt2,/root/jfs-fse-2019-artifact/data/benchmarks/3-stratified-random-sampling/benchmarks/QF_FP/griggio/fmcad12/div3.c.30.smt2,33,0.05515408515930176,0.06699919700622559,0.12215328216552734,sat,
/root/jfs-fse-2019-artifact/data/benchmarks/3-stratified-random-sampling/benchmarks/QF_FP/griggio/fmcad12/div3.c.40.smt2,/root/jfs-fse-2019-artifact/data/benchmarks/3-stratified-random-sampling/benchmarks/QF_FP/griggio/fmcad12/div3.c.40.smt2,43,0.07310628890991211,0.09824800491333008,0.1713542938232422,sat,
/root/jfs-fse-2019-artifact/data/benchmarks/3-stratified-random-sampling/benchmarks/QF_FP/griggio/fmcad12/div3.c.50.smt2,/root/jfs-fse-2019-artifact/data/benchmarks/3-stratified-random-sampling/benchmarks/QF_FP/griggio/fmcad12/div3.c.50.smt2,53,0.09125590324401855,0.08849215507507324,0.1797480583190918,sat,
/root/jfs-fse-2019-artifact/data/benchmarks/3-stratified-random-sampling/benchmarks/QF_FP/griggio/fmcad12/e2.c.smt2,/root/jfs-fse-2019-artifact/data/benchmarks/3-stratified-random-sampling/benchmarks/QF_FP/griggio/fmcad12/e2.c.smt2,13,0.012392997741699219,0.133223295211792,0.1456162929534912,sat,
/root/jfs-fse-2019-artifact/data/benchmarks/3-stratified-random-sampling/benchmarks/QF_FP/griggio/fmcad12/e2_1.c.smt2,/root/jfs-fse-2019-artifact/data/benchmarks/3-stratified-random-sampling/benchmarks/QF_FP/griggio/fmcad12/e2_1.c.smt2,11,0.008246421813964844,0.008924007415771484,0.017170429229736328,sat,
/root/jfs-fse-2019-artifact/data/benchmarks/3-stratified-random-sampling/benchmarks/QF_FP/griggio/fmcad12/e2_2.c.smt2,/root/jfs-fse-2019-artifact/data/benchmarks/3-stratified-random-sampling/benchmarks/QF_FP/griggio/fmcad12/e2_2.c.smt2,12,0.007958650588989258,0.01770305633544922,0.025661706924438477,sat,
/root/jfs-fse-2019-artifact/data/benchmarks/3-stratified-random-sampling/benchmarks/QF_FP/griggio/fmcad12/e2_3.c.smt2,/root/jfs-fse-2019-artifact/data/benchmarks/3-stratified-random-sampling/benchmarks/QF_FP/griggio/fmcad12/e2_3.c.smt2,11,0.004012107849121094,0.019960403442382812,0.023972511291503906,sat,
/root/jfs-fse-2019-artifact/data/benchmarks/3-stratified-random-sampling/benchmarks/QF_FP/griggio/fmcad12/e2a_1.c.smt2,/root/jfs-fse-2019-artifact/data/benchmarks/3-stratified-random-sampling/benchmarks/QF_FP/griggio/fmcad12/e2a_1.c.smt2,8,0.0052165985107421875,0.0056378841400146484,0.010854482650756836,sat,
/root/jfs-fse-2019-artifact/data/benchmarks/3-stratified-random-sampling/benchmarks/QF_FP/griggio/fmcad12/e2a_2.c.smt2,/root/jfs-fse-2019-artifact/data/benchmarks/3-stratified-random-sampling/benchmarks/QF_FP/griggio/fmcad12/e2a_2.c.smt2,9,0.003347158432006836,0.0050640106201171875,0.008411169052124023,sat,
/root/jfs-fse-2019-artifact/data/benchmarks/3-stratified-random-sampling/benchmarks/QF_FP/griggio/fmcad12/e2a_3.c.smt2,/root/jfs-fse-2019-artifact/data/benchmarks/3-stratified-random-sampling/benchmarks/QF_FP/griggio/fmcad12/e2a_3.c.smt2,7,0.005273342132568359,0.02591872215270996,0.03119206428527832,sat,
/root/jfs-fse-2019-artifact/data/benchmarks/3-stratified-random-sampling/benchmarks/QF_FP/griggio/fmcad12/e3_1.c.smt2,/root/jfs-fse-2019-artifact/data/benchmarks/3-stratified-random-sampling/benchmarks/QF_FP/griggio/fmcad12/e3_1.c.smt2,7,0.00636601448059082,0.017963886260986328,0.02432990074157715,sat,
/root/jfs-fse-2019-artifact/data/benchmarks/3-stratified-random-sampling/benchmarks/QF_FP/griggio/fmcad12/e3_2.c.smt2,/root/jfs-fse-2019-artifact/data/benchmarks/3-stratified-random-sampling/benchmarks/QF_FP/griggio/fmcad12/e3_2.c.smt2,7,0.011113643646240234,0.01761484146118164,0.028728485107421875,sat,
/root/jfs-fse-2019-artifact/data/benchmarks/3-stratified-random-sampling/benchmarks/QF_FP/griggio/fmcad12/f23.smt2,/root/jfs-fse-2019-artifact/data/benchmarks/3-stratified-random-sampling/benchmarks/QF_FP/griggio/fmcad12/f23.smt2,2,1.203047513961792,0.8282146453857422,2.031262159347534,sat,
/root/jfs-fse-2019-artifact/data/benchmarks/3-stratified-random-sampling/benchmarks/QF_FP/griggio/fmcad12/gaussian.c.125.smt2,/root/jfs-fse-2019-artifact/data/benchmarks/3-stratified-random-sampling/benchmarks/QF_FP/griggio/fmcad12/gaussian.c.125.smt2,379,1.7281630039215088,131.43863344192505,133.16679644584656,sat,
/root/jfs-fse-2019-artifact/data/benchmarks/3-stratified-random-sampling/benchmarks/QF_FP/griggio/fmcad12/gaussian.c.175.smt2,/root/jfs-fse-2019-artifact/data/benchmarks/3-stratified-random-sampling/benchmarks/QF_FP/griggio/fmcad12/gaussian.c.175.smt2,529,1.07872724533081,139.2590916156772,140.337818861008,sat,
/root/jfs-fse-2019-artifact/data/benchmarks/3-stratified-random-sampling/benchmarks/QF_FP/griggio/fmcad12/gaussian.c.25.smt2,/root/jfs-fse-2019-artifact/data/benchmarks/3-stratified-random-sampling/benchmarks/QF_FP/griggio/fmcad12/gaussian.c.25.smt2,79,0.34211111068725586,4.55519700050354,4.897308111190796,sat,
/root/jfs-fse-2019-artifact/data/benchmarks/3-stratified-random-sampling/benchmarks/QF_FP/griggio/fmcad12/gaussian.c.75.smt2,/root/jfs-fse-2019-artifact/data/benchmarks/3-stratified-random-sampling/benchmarks/QF_FP/griggio/fmcad12/gaussian.c.75.smt2,229,1.0256938934326172,716.5106816291809,717.5363755226135,sat,
/root/jfs-fse-2019-artifact/data/benchmarks/3-stratified-random-sampling/benchmarks/QF_FP/griggio/fmcad12/mult2.c.10.smt2,/root/jfs-fse-2019-artifact/data/benchmarks/3-stratified-random-sampling/benchmarks/QF_FP/griggio/fmcad12/mult2.c.10.smt2,14,0.019819021224975586,0.01656174659729004,0.036380767822265625,sat,
/root/jfs-fse-2019-artifact/data/benchmarks/3-stratified-random-sampling/benchmarks/QF_FP/griggio/fmcad12/mult2.c.20.smt2,/root/jfs-fse-2019-artifact/data/benchmarks/3-stratified-random-sampling/benchmarks/QF_FP/griggio/fmcad12/mult2.c.20.smt2,24,0.018187284469604492,0.0349574089050293,0.05314469337463379,sat,
/root/jfs-fse-2019-artifact/data/benchmarks/3-stratified-random-sampling/benchmarks/QF_FP/griggio/fmcad12/mult2.c.3.smt2,/root/jfs-fse-2019-artifact/data/benchmarks/3-stratified-random-sampling/benchmarks/QF_FP/griggio/fmcad12/mult2.c.3.smt2,7,0.00691986083984375,0.10965085029602051,0.11657071113586426,sat,
/root/jfs-fse-2019-artifact/data/benchmarks/3-stratified-random-sampling/benchmarks/QF_FP/griggio/fmcad12/mult2.c.30.smt2,/root/jfs-fse-2019-artifact/data/benchmarks/3-stratified-random-sampling/benchmarks/QF_FP/griggio/fmcad12/mult2.c.30.smt2,34,0.0559084415435791,0.10214591026306152,0.15805435180664062,sat,
/root/jfs-fse-2019-artifact/data/benchmarks/3-stratified-random-sampling/benchmarks/QF_FP/griggio/fmcad12/mult2.c.40.smt2,/root/jfs-fse-2019-artifact/data/benchmarks/3-stratified-random-sampling/benchmarks/QF_FP/griggio/fmcad12/mult2.c.40.smt2,44,0.07403016090393066,0.33350396156311035,0.407534122467041,sat,
/root/jfs-fse-2019-artifact/data/benchmarks/3-stratified-random-sampling/benchmarks/QF_FP/griggio/fmcad12/mult2.c.50.smt2,/root/jfs-fse-2019-artifact/data/benchmarks/3-stratified-random-sampling/benchmarks/QF_FP/griggio/fmcad12/mult2.c.50.smt2,54,0.0925743579864502,0.08527255058288574,0.17784690856933594,sat,
/root/jfs-fse-2019-artifact/data/benchmarks/3-stratified-random-sampling/benchmarks/QF_FP/griggio/fmcad12/test_v3_r3_vr10_c1_s14052.smt2,/root/jfs-fse-2019-artifact/data/benchmarks/3-stratified-random-sampling/benchmarks/QF_FP/griggio/fmcad12/test_v3_r3_vr10_c1_s14052.smt2,3,0.014217376708984375,0.030945301055908203,0.04516267776489258,sat,
/root/jfs-fse-2019-artifact/data/benchmarks/3-stratified-random-sampling/benchmarks/QF_FP/griggio/fmcad12/test_v3_r3_vr10_c1_s24300.smt2,/root/jfs-fse-2019-artifact/data/benchmarks/3-stratified-random-sampling/benchmarks/QF_FP/griggio/fmcad12/test_v3_r3_vr10_c1_s24300.smt2,3,0.014044761657714844,0.14510345458984375,0.1591482162475586,sat,
/root/jfs-fse-2019-artifact/data/benchmarks/3-stratified-random-sampling/benchmarks/QF_FP/griggio/fmcad12/test_v3_r3_vr10_c1_s29304.smt2,/root/jfs-fse-2019-artifact/data/benchmarks/3-stratified-random-sampling/benchmarks/QF_FP/griggio/fmcad12/test_v3_r3_vr10_c1_s29304.smt2,3,0.01385807991027832,0.030562877655029297,0.04442095756530762,sat,
/root/jfs-fse-2019-artifact/data/benchmarks/3-stratified-random-sampling/benchmarks/QF_FP/griggio/fmcad12/test_v3_r3_vr1_c1_s10392.smt2,/root/jfs-fse-2019-artifact/data/benchmarks/3-stratified-random-sampling/benchmarks/QF_FP/griggio/fmcad12/test_v3_r3_vr1_c1_s10392.smt2,3,0.013878583908081055,0.04652523994445801,0.06040382385253906,sat,
/root/jfs-fse-2019-artifact/data/benchmarks/3-stratified-random-sampling/benchmarks/QF_FP/griggio/fmcad12/test_v3_r3_vr5_c1_s16641.smt2,/root/jfs-fse-2019-artifact/data/benchmarks/3-stratified-random-sampling/benchmarks/QF_FP/griggio/fmcad12/test_v3_r3_vr5_c1_s16641.smt2,3,0.014089584350585938,0.03322792053222656,0.0473175048828125,sat,
/root/jfs-fse-2019-artifact/data/benchmarks/3-stratified-random-sampling/benchmarks/QF_FP/griggio/fmcad12/test_v3_r3_vr5_c1_s16867.smt2,/root/jfs-fse-2019-artifact/data/benchmarks/3-stratified-random-sampling/benchmarks/QF_FP/griggio/fmcad12/test_v3_r3_vr5_c1_s16867.smt2,3,0.01408243179321289,0.04383707046508789,0.05791950225830078,sat,
/root/jfs-fse-2019-artifact/data/benchmarks/3-stratified-random-sampling/benchmarks/QF_FP/griggio/fmcad12/test_v3_r3_vr5_c1_s26769.smt2,/root/jfs-fse-2019-artifact/data/benchmarks/3-stratified-random-sampling/benchmarks/QF_FP/griggio/fmcad12/test_v3_r3_vr5_c1_s26769.smt2,3,0.014023303985595703,0.03500819206237793,0.04903149604797363,sat,
/root/jfs-fse-2019-artifact/data/benchmarks/3-stratified-random-sampling/benchmarks/QF_FP/griggio/fmcad12/test_v3_r8_vr10_c1_s5590.smt2,/root/jfs-fse-2019-artifact/data/benchmarks/3-stratified-random-sampling/benchmarks/QF_FP/griggio/fmcad12/test_v3_r8_vr10_c1_s5590.smt2,3,0.029435157775878906,0.7264313697814941,0.755866527557373,sat,
/root/jfs-fse-2019-artifact/data/benchmarks/3-stratified-random-sampling/benchmarks/QF_FP/griggio/fmcad12/test_v5_r10_vr1_c1_s13516.smt2,/root/jfs-fse-2019-artifact/data/benchmarks/3-stratified-random-sampling/benchmarks/QF_FP/griggio/fmcad12/test_v5_r10_vr1_c1_s13516.smt2,5,0.05386853218078613,0.23856735229492188,0.292435884475708,sat,
/root/jfs-fse-2019-artifact/data/benchmarks/3-stratified-random-sampling/benchmarks/QF_FP/griggio/fmcad12/test_v5_r10_vr1_c1_s19145.smt2,/root/jfs-fse-2019-artifact/data/benchmarks/3-stratified-random-sampling/benchmarks/QF_FP/griggio/fmcad12/test_v5_r10_vr1_c1_s19145.smt2,5,0.05423092842102051,0.20381927490234375,0.25805020332336426,sat,
/root/jfs-fse-2019-artifact/data/benchmarks/3-stratified-random-sampling/benchmarks/QF_FP/griggio/fmcad12/test_v5_r10_vr5_c1_s13195.smt2,/root/jfs-fse-2019-artifact/data/benchmarks/3-stratified-random-sampling/benchmarks/QF_FP/griggio/fmcad12/test_v5_r10_vr5_c1_s13195.smt2,5,0.05347394943237305,0.5138540267944336,0.5673279762268066,sat,
/root/jfs-fse-2019-artifact/data/benchmarks/3-stratified-random-sampling/benchmarks/QF_FP/griggio/fmcad12/test_v5_r10_vr5_c1_s13679.smt2,/root/jfs-fse-2019-artifact/data/benchmarks/3-stratified-random-sampling/benchmarks/QF_FP/griggio/fmcad12/test_v5_r10_vr5_c1_s13679.smt2,5,0.05361604690551758,0.1640033721923828,0.2176194190979004,sat,
/root/jfs-fse-2019-artifact/data/benchmarks/3-stratified-random-sampling/benchmarks/QF_FP/griggio/fmcad12/test_v5_r5_vr10_c1_s5379.smt2,/root/jfs-fse-2019-artifact/data/benchmarks/3-stratified-random-sampling/benchmarks/QF_FP/griggio/fmcad12/test_v5_r5_vr10_c1_s5379.smt2,5,0.030580759048461914,0.2197976303100586,0.2503783893585205,sat,
/root/jfs-fse-2019-artifact/data/benchmarks/3-stratified-random-sampling/benchmarks/QF_FP/griggio/fmcad12/test_v5_r5_vr10_c1_s5996.smt2,/root/jfs-fse-2019-artifact/data/benchmarks/3-stratified-random-sampling/benchmarks/QF_FP/griggio/fmcad12/test_v5_r5_vr10_c1_s5996.smt2,5,0.030437231063842773,0.0918118953704834,0.12224912643432617,sat,
/root/jfs-fse-2019-artifact/data/benchmarks/3-stratified-random-sampling/benchmarks/QF_FP/griggio/fmcad12/test_v5_r5_vr10_c1_s7194.smt2,/root/jfs-fse-2019-artifact/data/benchmarks/3-stratified-random-sampling/benchmarks/QF_FP/griggio/fmcad12/test_v5_r5_vr10_c1_s7194.smt2,5,0.030820608139038086,0.3960287570953369,0.426849365234375,sat,
/root/jfs-fse-2019-artifact/data/benchmarks/3-stratified-random-sampling/benchmarks/QF_FP/griggio/fmcad12/test_v5_r5_vr1_c1_s14623.smt2,/root/jfs-fse-2019-artifact/data/benchmarks/3-stratified-random-sampling/benchmarks/QF_FP/griggio/fmcad12/test_v5_r5_vr1_c1_s14623.smt2,5,0.0308072566986084,0.361238956451416,0.3920462131500244,sat,
/root/jfs-fse-2019-artifact/data/benchmarks/3-stratified-random-sampling/benchmarks/QF_FP/griggio/fmcad12/test_v5_r5_vr1_c1_s15604.smt2,/root/jfs-fse-2019-artifact/data/benchmarks/3-stratified-random-sampling/benchmarks/QF_FP/griggio/fmcad12/test_v5_r5_vr1_c1_s15604.smt2,5,0.030516862869262695,0.10464286804199219,0.13515973091125488,sat,
/root/jfs-fse-2019-artifact/data/benchmarks/3-stratified-random-sampling/benchmarks/QF_FP/griggio/fmcad12/test_v5_r5_vr1_c1_s16138.smt2,/root/jfs-fse-2019-artifact/data/benchmarks/3-stratified-random-sampling/benchmarks/QF_FP/griggio/fmcad12/test_v5_r5_vr1_c1_s16138.smt2,5,0.030492067337036133,0.34746241569519043,0.37795448303222656,sat,
/root/jfs-fse-2019-artifact/data/benchmarks/3-stratified-random-sampling/benchmarks/QF_FP/griggio/fmcad12/test_v5_r5_vr5_c1_s24018.smt2,/root/jfs-fse-2019-artifact/data/benchmarks/3-stratified-random-sampling/benchmarks/QF_FP/griggio/fmcad12/test_v5_r5_vr5_c1_s24018.smt2,5,0.030478239059448242,0.08318281173706055,0.11366105079650879,sat,
/root/jfs-fse-2019-artifact/data/benchmarks/3-stratified-random-sampling/benchmarks/QF_FP/griggio/fmcad12/test_v5_r5_vr5_c1_s2800.smt2,/root/jfs-fse-2019-artifact/data/benchmarks/3-stratified-random-sampling/benchmarks/QF_FP/griggio/fmcad12/test_v5_r5_vr5_c1_s2800.smt2,5,0.030584335327148438,0.10486602783203125,0.1354503631591797,sat,
/root/jfs-fse-2019-artifact/data/benchmarks/3-stratified-random-sampling/benchmarks/QF_FP/griggio/fmcad12/test_v5_r5_vr5_c1_s9855.smt2,/root/jfs-fse-2019-artifact/data/benchmarks/3-stratified-random-sampling/benchmarks/QF_FP/griggio/fmcad12/test_v5_r5_vr5_c1_s9855.smt2,5,0.030756711959838867,0.09043598175048828,0.12119269371032715,sat,
/root/jfs-fse-2019-artifact/data/benchmarks/3-stratified-random-sampling/benchmarks/QF_FP/griggio/fmcad12/test_v7_r12_vr10_c1_s15994.smt2,/root/jfs-fse-2019-artifact/data/benchmarks/3-stratified-random-sampling/benchmarks/QF_FP/griggio/fmcad12/test_v7_r12_vr10_c1_s15994.smt2,7,0.0888206958770752,0.7042503356933594,0.7930710315704346,sat,
/root/jfs-fse-2019-artifact/data/benchmarks/3-stratified-random-sampling/benchmarks/QF_FP/griggio/fmcad12/test_v7_r12_vr10_c1_s30410.smt2,/root/jfs-fse-2019-artifact/data/benchmarks/3-stratified-random-sampling/benchmarks/QF_FP/griggio/fmcad12/test_v7_r12_vr10_c1_s30410.smt2,7,0.08572745323181152,1.4956350326538086,1.5813624858856201,sat,
/root/jfs-fse-2019-artifact/data/benchmarks/3-stratified-random-sampling/benchmarks/QF_FP/griggio/fmcad12/test_v7_r12_vr5_c1_s14336.smt2,/root/jfs-fse-2019-artifact/data/benchmarks/3-stratified-random-sampling/benchmarks/QF_FP/griggio/fmcad12/test_v7_r12_vr5_c1_s14336.smt2,7,0.08414769172668457,0.18082952499389648,0.26497721672058105,sat,
/root/jfs-fse-2019-artifact/data/benchmarks/3-stratified-random-sampling/benchmarks/QF_FP/griggio/fmcad12/test_v7_r12_vr5_c1_s29826.smt2,/root/jfs-fse-2019-artifact/data/benchmarks/3-stratified-random-sampling/benchmarks/QF_FP/griggio/fmcad12/test_v7_r12_vr5_c1_s29826.smt2,7,0.08410501480102539,0.2323002815246582,0.3164052963256836,sat,
/root/jfs-fse-2019-artifact/data/benchmarks/3-stratified-random-sampling/benchmarks/QF_FP/griggio/fmcad12/test_v7_r12_vr5_c1_s8938.smt2,/root/jfs-fse-2019-artifact/data/benchmarks/3-stratified-random-sampling/benchmarks/QF_FP/griggio/fmcad12/test_v7_r12_vr5_c1_s8938.smt2,7,0.08402252197265625,0.303633451461792,0.38765597343444824,sat,
/root/jfs-fse-2019-artifact/data/benchmarks/3-stratified-random-sampling/benchmarks/QF_FP/griggio/fmcad12/test_v7_r17_vr10_c1_s18654.smt2,/root/jfs-fse-2019-artifact/data/benchmarks/3-stratified-random-sampling/benchmarks/QF_FP/griggio/fmcad12/test_v7_r17_vr10_c1_s18654.smt2,7,0.11517071723937988,0.4638371467590332,0.5790078639984131,sat,
/root/jfs-fse-2019-artifact/data/benchmarks/3-stratified-random-sampling/benchmarks/QF_FP/griggio/fmcad12/test_v7_r17_vr10_c1_s8773.smt2,/root/jfs-fse-2019-artifact/data/benchmarks/3-stratified-random-sampling/benchmarks/QF_FP/griggio/fmcad12/test_v7_r17_vr10_c1_s8773.smt2,7,0.11492562294006348,2.6827313899993896,2.797657012939453,sat,
/root/jfs-fse-2019-artifact/data/benchmarks/3-stratified-random-sampling/benchmarks/QF_FP/griggio/fmcad12/test_v7_r17_vr1_c1_s23882.smt2,/root/jfs-fse-2019-artifact/data/benchmarks/3-stratified-random-sampling/benchmarks/QF_FP/griggio/fmcad12/test_v7_r17_vr1_c1_s23882.smt2,7,0.11629366874694824,4.000571012496948,4.1168646812438965,sat,
/root/jfs-fse-2019-artifact/data/benchmarks/3-stratified-random-sampling/benchmarks/QF_FP/griggio/fmcad12/test_v7_r7_vr10_c1_s10625.smt2,/root/jfs-fse-2019-artifact/data/benchmarks/3-stratified-random-sampling/benchmarks/QF_FP/griggio/fmcad12/test_v7_r7_vr10_c1_s10625.smt2,7,0.05309796333312988,0.08797097206115723,0.1410689353942871,sat,
/root/jfs-fse-2019-artifact/data/benchmarks/3-stratified-random-sampling/benchmarks/QF_FP/griggio/fmcad12/test_v7_r7_vr10_c1_s24535.smt2,/root/jfs-fse-2019-artifact/data/benchmarks/3-stratified-random-sampling/benchmarks/QF_FP/griggio/fmcad12/test_v7_r7_vr10_c1_s24535.smt2,7,0.053105831146240234,0.14766430854797363,0.20077013969421387,sat,
/root/jfs-fse-2019-artifact/data/benchmarks/3-stratified-random-sampling/benchmarks/QF_FP/griggio/fmcad12/test_v7_r7_vr10_c1_s32506.smt2,/root/jfs-fse-2019-artifact/data/benchmarks/3-stratified-random-sampling/benchmarks/QF_FP/griggio/fmcad12/test_v7_r7_vr10_c1_s32506.smt2,7,0.053048133850097656,1.7654707431793213,1.818518877029419,sat,
/root/jfs-fse-2019-artifact/data/benchmarks/3-stratified-random-sampling/benchmarks/QF_FP/griggio/fmcad12/test_v7_r7_vr1_c1_s22845.smt2,/root/jfs-fse-2019-artifact/data/benchmarks/3-stratified-random-sampling/benchmarks/QF_FP/griggio/fmcad12/test_v7_r7_vr1_c1_s22845.smt2,7,0.0566248893737793,0.24397563934326172,0.300600528717041,sat,
/root/jfs-fse-2019-artifact/data/benchmarks/3-stratified-random-sampling/benchmarks/QF_FP/griggio/fmcad12/test_v7_r7_vr1_c1_s4574.smt2,/root/jfs-fse-2019-artifact/data/benchmarks/3-stratified-random-sampling/benchmarks/QF_FP/griggio/fmcad12/test_v7_r7_vr1_c1_s4574.smt2,7,0.05382251739501953,0.202254056930542,0.2560765743255615,sat,
/root/jfs-fse-2019-artifact/data/benchmarks/3-stratified-random-sampling/benchmarks/QF_FP/griggio/fmcad12/test_v7_r7_vr5_c1_s14675.smt2,/root/jfs-fse-2019-artifact/data/benchmarks/3-stratified-random-sampling/benchmarks/QF_FP/griggio/fmcad12/test_v7_r7_vr5_c1_s14675.smt2,7,0.05321550369262695,0.3773651123046875,0.43058061599731445,sat,
/root/jfs-fse-2019-artifact/data/benchmarks/3-stratified-random-sampling/benchmarks/QF_FP/griggio/fmcad12/test_v7_r7_vr5_c1_s19694.smt2,/root/jfs-fse-2019-artifact/data/benchmarks/3-stratified-random-sampling/benchmarks/QF_FP/griggio/fmcad12/test_v7_r7_vr5_c1_s19694.smt2,7,0.053047895431518555,0.23924708366394043,0.292294979095459,sat,
/root/jfs-fse-2019-artifact/data/benchmarks/3-stratified-random-sampling/benchmarks/QF_FP/griggio/fmcad12/test_v7_r7_vr5_c1_s3582.smt2,/root/jfs-fse-2019-artifact/data/benchmarks/3-stratified-random-sampling/benchmarks/QF_FP/griggio/fmcad12/test_v7_r7_vr5_c1_s3582.smt2,7,0.05334186553955078,0.18899618911743164,0.24233805465698242,sat,
/root/jfs-fse-2019-artifact/data/benchmarks/3-stratified-random-sampling/benchmarks/QF_FP/20170501-Heizmann-UltimateAutomizer/cos_polynomial_true-unreach-call.c_9.smt2,/root/jfs-fse-2019-artifact/data/benchmarks/3-stratified-random-sampling/benchmarks/QF_FP/20170501-Heizmann-UltimateAutomizer/cos_polynomial_true-unreach-call.c_9.smt2,10,0.005093812942504883,2.126055955886841,2.1311497688293457,sat,
/root/jfs-fse-2019-artifact/data/benchmarks/3-stratified-random-sampling/benchmarks/QF_FP/20170501-Heizmann-UltimateAutomizer/filter2_reinit_true-unreach-call.c_7.smt2,/root/jfs-fse-2019-artifact/data/benchmarks/3-stratified-random-sampling/benchmarks/QF_FP/20170501-Heizmann-UltimateAutomizer/filter2_reinit_true-unreach-call.c_7.smt2,8,0.00354766845703125,0.01682901382446289,0.02037668228149414,sat,
/root/jfs-fse-2019-artifact/data/benchmarks/3-stratified-random-sampling/benchmarks/QF_FP/20170501-Heizmann-UltimateAutomizer/image_filter_true-unreach-call.c_2.smt2,/root/jfs-fse-2019-artifact/data/benchmarks/3-stratified-random-sampling/benchmarks/QF_FP/20170501-Heizmann-UltimateAutomizer/image_filter_true-unreach-call.c_2.smt2,11,0.004811763763427734,0.030814170837402344,0.03562593460083008,sat,
/root/jfs-fse-2019-artifact/data/benchmarks/3-stratified-random-sampling/benchmarks/QF_FP/20170501-Heizmann-UltimateAutomizer/water_pid_true-unreach-call.c_372.smt2,/root/jfs-fse-2019-artifact/data/benchmarks/3-stratified-random-sampling/benchmarks/QF_FP/20170501-Heizmann-UltimateAutomizer/water_pid_true-unreach-call.c_372.smt2,16,0.007899045944213867,0.9817605018615723,0.9896595478057861,sat,
/root/jfs-fse-2019-artifact/data/benchmarks/3-stratified-random-sampling/benchmarks/QF_FP/griggio/fmcad12/e1.c.smt2,/root/jfs-fse-2019-artifact/data/benchmarks/3-stratified-random-sampling/benchmarks/QF_FP/griggio/fmcad12/e1.c.smt2,5,0.003720998764038086,0.3968536853790283,0.4005746841430664,sat,
/root/jfs-fse-2019-artifact/data/benchmarks/3-stratified-random-sampling/benchmarks/QF_FP/griggio/fmcad12/e1_1.c.smt2,/root/jfs-fse-2019-artifact/data/benchmarks/3-stratified-random-sampling/benchmarks/QF_FP/griggio/fmcad12/e1_1.c.smt2,4,0.002051115036010742,0.012232780456542969,0.014283895492553711,sat,
/root/jfs-fse-2019-artifact/data/benchmarks/3-stratified-random-sampling/benchmarks/QF_FP/griggio/fmcad12/e1_2.c.smt2,/root/jfs-fse-2019-artifact/data/benchmarks/3-stratified-random-sampling/benchmarks/QF_FP/griggio/fmcad12/e1_2.c.smt2,4,0.001972675323486328,0.016265392303466797,0.018238067626953125,sat,
/root/jfs-fse-2019-artifact/data/benchmarks/3-stratified-random-sampling/benchmarks/QF_FP/griggio/fmcad12/mult1.c.10.smt2,/root/jfs-fse-2019-artifact/data/benchmarks/3-stratified-random-sampling/benchmarks/QF_FP/griggio/fmcad12/mult1.c.10.smt2,13,0.009613513946533203,0.04452013969421387,0.05413365364074707,sat,
/root/jfs-fse-2019-artifact/data/benchmarks/3-stratified-random-sampling/benchmarks/QF_FP/griggio/fmcad12/mult1.c.20.smt2,/root/jfs-fse-2019-artifact/data/benchmarks/3-stratified-random-sampling/benchmarks/QF_FP/griggio/fmcad12/mult1.c.20.smt2,23,0.01878809928894043,0.06593894958496094,0.08472704887390137,sat,
/root/jfs-fse-2019-artifact/data/benchmarks/3-stratified-random-sampling/benchmarks/QF_FP/griggio/fmcad12/mult1.c.3.smt2,/root/jfs-fse-2019-artifact/data/benchmarks/3-stratified-random-sampling/benchmarks/QF_FP/griggio/fmcad12/mult1.c.3.smt2,6,0.00393986701965332,0.01175069808959961,0.01569056510925293,sat,
/root/jfs-fse-2019-artifact/data/benchmarks/3-stratified-random-sampling/benchmarks/QF_FP/griggio/fmcad12/mult1.c.30.smt2,/root/jfs-fse-2019-artifact/data/benchmarks/3-stratified-random-sampling/benchmarks/QF_FP/griggio/fmcad12/mult1.c.30.smt2,33,0.02774500846862793,0.4382755756378174,0.4660205841064453,sat,
/root/jfs-fse-2019-artifact/data/benchmarks/3-stratified-random-sampling/benchmarks/QF_FP/griggio/fmcad12/mult1.c.40.smt2,/root/jfs-fse-2019-artifact/data/benchmarks/3-stratified-random-sampling/benchmarks/QF_FP/griggio/fmcad12/mult1.c.40.smt2,43,0.0366358757019043,0.5779201984405518,0.614556074142456,sat,
/root/jfs-fse-2019-artifact/data/benchmarks/3-stratified-random-sampling/benchmarks/QF_FP/griggio/fmcad12/mult1.c.50.smt2,/root/jfs-fse-2019-artifact/data/benchmarks/3-stratified-random-sampling/benchmarks/QF_FP/griggio/fmcad12/mult1.c.50.smt2,53,0.045413970947265625,0.2926311492919922,0.3380451202392578,sat,
/root/jfs-fse-2019-artifact/data/benchmarks/3-stratified-random-sampling/benchmarks/QF_FP/griggio/fmcad12/newton.4.1.i.smt2,/root/jfs-fse-2019-artifact/data/benchmarks/3-stratified-random-sampling/benchmarks/QF_FP/griggio/fmcad12/newton.4.1.i.smt2,1,0.009226322174072266,0.04910111427307129,0.058327436447143555,sat,
/root/jfs-fse-2019-artifact/data/benchmarks/3-stratified-random-sampling/benchmarks/QF_FP/griggio/fmcad12/newton.5.1.i.smt2,/root/jfs-fse-2019-artifact/data/benchmarks/3-stratified-random-sampling/benchmarks/QF_FP/griggio/fmcad12/newton.5.1.i.smt2,1,0.008844852447509766,1.5583384037017822,1.567183256149292,sat,
/root/jfs-fse-2019-artifact/data/benchmarks/3-stratified-random-sampling/benchmarks/QF_FP/griggio/fmcad12/newton.6.1.i.smt2,/root/jfs-fse-2019-artifact/data/benchmarks/3-stratified-random-sampling/benchmarks/QF_FP/griggio/fmcad12/newton.6.1.i.smt2,1,0.009736061096191406,1.1688079833984375,1.178544044494629,sat,
/root/jfs-fse-2019-artifact/data/benchmarks/3-stratified-random-sampling/benchmarks/QF_FP/griggio/fmcad12/newton.6.2.i.smt2,/root/jfs-fse-2019-artifact/data/benchmarks/3-stratified-random-sampling/benchmarks/QF_FP/griggio/fmcad12/newton.6.2.i.smt2,1,0.2093031406402588,16.051048278808594,16.260351419448853,sat,
/root/jfs-fse-2019-artifact/data/benchmarks/3-stratified-random-sampling/benchmarks/QF_FP/griggio/fmcad12/newton.7.1.i.smt2,/root/jfs-fse-2019-artifact/data/benchmarks/3-stratified-random-sampling/benchmarks/QF_FP/griggio/fmcad12/newton.7.1.i.smt2,1,0.010904550552368164,0.29864978790283203,0.3095543384552002,sat,
/root/jfs-fse-2019-artifact/data/benchmarks/3-stratified-random-sampling/benchmarks/QF_FP/griggio/fmcad12/newton.8.1.i.smt2,/root/jfs-fse-2019-artifact/data/benchmarks/3-stratified-random-sampling/benchmarks/QF_FP/griggio/fmcad12/newton.8.1.i.smt2,1,0.012491941452026367,0.06141018867492676,0.07390213012695312,sat,
/root/jfs-fse-2019-artifact/data/benchmarks/3-stratified-random-sampling/benchmarks/QF_FP/griggio/fmcad12/newton.8.2.i.smt2,/root/jfs-fse-2019-artifact/data/benchmarks/3-stratified-random-sampling/benchmarks/QF_FP/griggio/fmcad12/newton.8.2.i.smt2,1,0.23807024955749512,1.9592561721801758,2.197326421737671,sat,
/root/jfs-fse-2019-artifact/data/benchmarks/3-stratified-random-sampling/benchmarks/QF_FP/griggio/fmcad12/sin2.c.2.smt2,/root/jfs-fse-2019-artifact/data/benchmarks/3-stratified-random-sampling/benchmarks/QF_FP/griggio/fmcad12/sin2.c.2.smt2,13,0.023227930068969727,0.20087695121765137,0.2241048812866211,sat,
/root/jfs-fse-2019-artifact/data/benchmarks/3-stratified-random-sampling/benchmarks/QF_FP/griggio/fmcad12/sin2.c.5.smt2,/root/jfs-fse-2019-artifact/data/benchmarks/3-stratified-random-sampling/benchmarks/QF_FP/griggio/fmcad12/sin2.c.5.smt2,22,0.0924067497253418,5.323042631149292,5.415449380874634,sat,
/root/jfs-fse-2019-artifact/data/benchmarks/3-stratified-random-sampling/benchmarks/QF_FP/griggio/fmcad12/sine.1.0.i.smt2,/root/jfs-fse-2019-artifact/data/benchmarks/3-stratified-random-sampling/benchmarks/QF_FP/griggio/fmcad12/sine.1.0.i.smt2,1,0.005875110626220703,0.20128655433654785,0.20716166496276855,sat,
/root/jfs-fse-2019-artifact/data/benchmarks/3-stratified-random-sampling/benchmarks/QF_FP/griggio/fmcad12/sqrt.c.2.smt2,/root/jfs-fse-2019-artifact/data/benchmarks/3-stratified-random-sampling/benchmarks/QF_FP/griggio/fmcad12/sqrt.c.2.smt2,10,0.08341598510742188,5.26704216003418,5.350458145141602,sat,
/root/jfs-fse-2019-artifact/data/benchmarks/3-stratified-random-sampling/benchmarks/QF_FP/griggio/fmcad12/newton.6.3.i.smt2,/root/jfs-fse-2019-artifact/data/benchmarks/3-stratified-random-sampling/benchmarks/QF_FP/griggio/fmcad12/newton.6.3.i.smt2,1,6.25913405418396,4063.3029742240906,4069.5621082782745,sat,
/root/jfs-fse-2019-artifact/data/benchmarks/3-stratified-random-sampling/benchmarks/QF_FP/griggio/fmcad12/newton.7.2.i.smt2,/root/jfs-fse-2019-artifact/data/benchmarks/3-stratified-random-sampling/benchmarks/QF_FP/griggio/fmcad12/newton.7.2.i.smt2,1,0.2263650894165039,76.38401508331299,76.61038017272949,sat,
/root/jfs-fse-2019-artifact/data/benchmarks/3-stratified-random-sampling/benchmarks/QF_FP/griggio/fmcad12/newton.7.3.i.smt2,/root/jfs-fse-2019-artifact/data/benchmarks/3-stratified-random-sampling/benchmarks/QF_FP/griggio/fmcad12/newton.7.3.i.smt2,1,6.519175052642822,3002.12148976326,3008.6406648159027,sat,
/root/jfs-fse-2019-artifact/data/benchmarks/3-stratified-random-sampling/benchmarks/QF_FP/griggio/fmcad12/newton.8.3.i.smt2,/root/jfs-fse-2019-artifact/data/benchmarks/3-stratified-random-sampling/benchmarks/QF_FP/griggio/fmcad12/newton.8.3.i.smt2,1,6.079230785369873,632.7311084270477,638.8103392124176,sat,
/root/jfs-fse-2019-artifact/data/benchmarks/3-stratified-random-sampling/benchmarks/QF_FP/griggio/fmcad12/sin.c.25.smt2,/root/jfs-fse-2019-artifact/data/benchmarks/3-stratified-random-sampling/benchmarks/QF_FP/griggio/fmcad12/sin.c.25.smt2,81,3.4485695362091064,2645.5990269184113,2649.0475964546204,sat,
/root/jfs-fse-2019-artifact/data/benchmarks/3-stratified-random-sampling/benchmarks/QF_FP/griggio/fmcad12/sin2.c.10.smt2,/root/jfs-fse-2019-artifact/data/benchmarks/3-stratified-random-sampling/benchmarks/QF_FP/griggio/fmcad12/sin2.c.10.smt2,37,0.3798506259918213,23.495025157928467,23.874875783920288,sat,
/root/jfs-fse-2019-artifact/data/benchmarks/3-stratified-random-sampling/benchmarks/QF_FP/griggio/fmcad12/sin2.c.15.smt2,/root/jfs-fse-2019-artifact/data/benchmarks/3-stratified-random-sampling/benchmarks/QF_FP/griggio/fmcad12/sin2.c.15.smt2,52,0.9651966094970703,212.74738216400146,213.71257877349854,sat,
/root/jfs-fse-2019-artifact/data/benchmarks/3-stratified-random-sampling/benchmarks/QF_FP/griggio/fmcad12/sin2.c.20.smt2,/root/jfs-fse-2019-artifact/data/benchmarks/3-stratified-random-sampling/benchmarks/QF_FP/griggio/fmcad12/sin2.c.20.smt2,67,1.9536662101745605,105.56346797943115,107.51713418960571,sat,
/root/jfs-fse-2019-artifact/data/benchmarks/3-stratified-random-sampling/benchmarks/QF_FP/griggio/fmcad12/sin2.c.25.smt2,/root/jfs-fse-2019-artifact/data/benchmarks/3-stratified-random-sampling/benchmarks/QF_FP/griggio/fmcad12/sin2.c.25.smt2,82,3.441563844680786,3040.2586290836334,3043.700192928314,sat,
/root/jfs-fse-2019-artifact/data/benchmarks/3-stratified-random-sampling/benchmarks/QF_FP/griggio/fmcad12/sqrt.c.5.smt2,/root/jfs-fse-2019-artifact/data/benchmarks/3-stratified-random-sampling/benchmarks/QF_FP/griggio/fmcad12/sqrt.c.5.smt2,16,0.1412491798400879,3037.258193731308,3037.399442911148,sat,